date,sku_id,units_sold,injected_anomaly
2023-01-01,SKU-001,145,False
2023-01-02,SKU-001,148,False
2023-01-03,SKU-001,165,False
2023-01-04,SKU-001,161,False
2023-01-05,SKU-001,157,False
2023-01-06,SKU-001,150,False
2023-01-07,SKU-001,382,True
2023-01-08,SKU-001,157,False
2023-01-09,SKU-001,149,False
2023-01-10,SKU-001,172,False
2023-01-11,SKU-001,184,False
2023-01-12,SKU-001,163,False
2023-01-13,SKU-001,148,False
2023-01-14,SKU-001,146,False
2023-01-15,SKU-001,144,False
2023-01-16,SKU-001,158,False
2023-01-17,SKU-001,173,False
2023-01-18,SKU-001,168,False
2023-01-19,SKU-001,175,False
2023-01-20,SKU-001,147,False
2023-01-21,SKU-001,138,False
2023-01-22,SKU-001,154,False
2023-01-23,SKU-001,170,False
2023-01-24,SKU-001,178,False
2023-01-25,SKU-001,179,False
2023-01-26,SKU-001,170,False
2023-01-27,SKU-001,156,False
2023-01-28,SKU-001,161,False
2023-01-29,SKU-001,158,False
2023-01-30,SKU-001,165,False
2023-01-31,SKU-001,437,True
2023-02-01,SKU-001,188,False
2023-02-02,SKU-001,183,False
2023-02-03,SKU-001,169,False
2023-02-04,SKU-001,161,False
2023-02-05,SKU-001,161,False
2023-02-06,SKU-001,169,False
2023-02-07,SKU-001,177,False
2023-02-08,SKU-001,174,False
2023-02-09,SKU-001,184,False
2023-02-10,SKU-001,159,False
2023-02-11,SKU-001,165,False
2023-02-12,SKU-001,157,False
2023-02-13,SKU-001,177,False
2023-02-14,SKU-001,186,False
2023-02-15,SKU-001,197,False
2023-02-16,SKU-001,184,False
2023-02-17,SKU-001,161,False
2023-02-18,SKU-001,163,False
2023-02-19,SKU-001,170,False
2023-02-20,SKU-001,165,False
2023-02-21,SKU-001,196,False
2023-02-22,SKU-001,189,False
2023-02-23,SKU-001,173,False
2023-02-24,SKU-001,169,False
2023-02-25,SKU-001,157,False
2023-02-26,SKU-001,157,False
2023-02-27,SKU-001,171,False
2023-02-28,SKU-001,207,False
2023-03-01,SKU-001,193,False
2023-03-02,SKU-001,183,False
2023-03-03,SKU-001,170,False
2023-03-04,SKU-001,166,False
2023-03-05,SKU-001,169,False
2023-03-06,SKU-001,175,False
2023-03-07,SKU-001,197,False
2023-03-08,SKU-001,196,False
2023-03-09,SKU-001,191,False
2023-03-10,SKU-001,187,False
2023-03-11,SKU-001,177,False
2023-03-12,SKU-001,188,False
2023-03-13,SKU-001,193,False
2023-03-14,SKU-001,201,False
2023-03-15,SKU-001,193,False
2023-03-16,SKU-001,200,False
2023-03-17,SKU-001,174,False
2023-03-18,SKU-001,185,False
2023-03-19,SKU-001,173,False
2023-03-20,SKU-001,190,False
2023-03-21,SKU-001,189,False
2023-03-22,SKU-001,203,False
2023-03-23,SKU-001,171,False
2023-03-24,SKU-001,172,False
2023-03-25,SKU-001,176,False
2023-03-26,SKU-001,168,False
2023-03-27,SKU-001,181,False
2023-03-28,SKU-001,197,False
2023-03-29,SKU-001,204,False
2023-03-30,SKU-001,200,False
2023-03-31,SKU-001,170,False
2023-04-01,SKU-001,178,False
2023-04-02,SKU-001,172,False
2023-04-03,SKU-001,191,False
2023-04-04,SKU-001,206,False
2023-04-05,SKU-001,192,False
2023-04-06,SKU-001,183,False
2023-04-07,SKU-001,179,False
2023-04-08,SKU-001,168,False
2023-04-09,SKU-001,181,False
2023-04-10,SKU-001,193,False
2023-04-11,SKU-001,215,False
2023-04-12,SKU-001,201,False
2023-04-13,SKU-001,192,False
2023-04-14,SKU-001,182,False
2023-04-15,SKU-001,181,False
2023-04-16,SKU-001,163,False
2023-04-17,SKU-001,185,False
2023-04-18,SKU-001,184,False
2023-04-19,SKU-001,185,False
2023-04-20,SKU-001,189,False
2023-04-21,SKU-001,177,False
2023-04-22,SKU-001,172,False
2023-04-23,SKU-001,165,False
2023-04-24,SKU-001,179,False
2023-04-25,SKU-001,185,False
2023-04-26,SKU-001,185,False
2023-04-27,SKU-001,181,False
2023-04-28,SKU-001,188,False
2023-04-29,SKU-001,176,False
2023-04-30,SKU-001,168,False
2023-05-01,SKU-001,168,False
2023-05-02,SKU-001,198,False
2023-05-03,SKU-001,38,True
2023-05-04,SKU-001,190,False
2023-05-05,SKU-001,186,False
2023-05-06,SKU-001,175,False
2023-05-07,SKU-001,160,False
2023-05-08,SKU-001,169,False
2023-05-09,SKU-001,192,False
2023-05-10,SKU-001,191,False
2023-05-11,SKU-001,183,False
2023-05-12,SKU-001,174,False
2023-05-13,SKU-001,158,False
2023-05-14,SKU-001,165,False
2023-05-15,SKU-001,183,False
2023-05-16,SKU-001,180,False
2023-05-17,SKU-001,212,False
2023-05-18,SKU-001,199,False
2023-05-19,SKU-001,171,False
2023-05-20,SKU-001,166,False
2023-05-21,SKU-001,162,False
2023-05-22,SKU-001,163,False
2023-05-23,SKU-001,182,False
2023-05-24,SKU-001,204,False
2023-05-25,SKU-001,185,False
2023-05-26,SKU-001,156,False
2023-05-27,SKU-001,163,False
2023-05-28,SKU-001,176,False
2023-05-29,SKU-001,168,False
2023-05-30,SKU-001,35,True
2023-05-31,SKU-001,193,False
2023-06-01,SKU-001,184,False
2023-06-02,SKU-001,163,False
2023-06-03,SKU-001,158,False
2023-06-04,SKU-001,160,False
2023-06-05,SKU-001,177,False
2023-06-06,SKU-001,187,False
2023-06-07,SKU-001,186,False
2023-06-08,SKU-001,186,False
2023-06-09,SKU-001,167,False
2023-06-10,SKU-001,156,False
2023-06-11,SKU-001,155,False
2023-06-12,SKU-001,172,False
2023-06-13,SKU-001,188,False
2023-06-14,SKU-001,177,False
2023-06-15,SKU-001,163,False
2023-06-16,SKU-001,170,False
2023-06-17,SKU-001,141,False
2023-06-18,SKU-001,144,False
2023-06-19,SKU-001,158,False
2023-06-20,SKU-001,180,False
2023-06-21,SKU-001,177,False
2023-06-22,SKU-001,170,False
2023-06-23,SKU-001,160,False
2023-06-24,SKU-001,161,False
2023-06-25,SKU-001,155,False
2023-06-26,SKU-001,170,False
2023-06-27,SKU-001,175,False
2023-06-28,SKU-001,184,False
2023-06-29,SKU-001,173,False
2023-06-30,SKU-001,151,False
2023-07-01,SKU-001,171,False
2023-07-02,SKU-001,150,False
2023-07-03,SKU-001,157,False
2023-07-04,SKU-001,163,False
2023-07-05,SKU-001,172,False
2023-07-06,SKU-001,152,False
2023-07-07,SKU-001,152,False
2023-07-08,SKU-001,156,False
2023-07-09,SKU-001,147,False
2023-07-10,SKU-001,156,False
2023-07-11,SKU-001,167,False
2023-07-12,SKU-001,165,False
2023-07-13,SKU-001,149,False
2023-07-14,SKU-001,134,False
2023-07-15,SKU-001,139,False
2023-07-16,SKU-001,138,False
2023-07-17,SKU-001,155,False
2023-07-18,SKU-001,173,False
2023-07-19,SKU-001,158,False
2023-07-20,SKU-001,149,False
2023-07-21,SKU-001,150,False
2023-07-22,SKU-001,130,False
2023-07-23,SKU-001,125,False
2023-07-24,SKU-001,154,False
2023-07-25,SKU-001,164,False
2023-07-26,SKU-001,158,False
2023-07-27,SKU-001,142,False
2023-07-28,SKU-001,120,False
2023-07-29,SKU-001,141,False
2023-07-30,SKU-001,119,False
2023-07-31,SKU-001,150,False
2023-08-01,SKU-001,155,False
2023-08-02,SKU-001,162,False
2023-08-03,SKU-001,147,False
2023-08-04,SKU-001,133,False
2023-08-05,SKU-001,122,False
2023-08-06,SKU-001,144,False
2023-08-07,SKU-001,136,False
2023-08-08,SKU-001,152,False
2023-08-09,SKU-001,147,False
2023-08-10,SKU-001,161,False
2023-08-11,SKU-001,124,False
2023-08-12,SKU-001,120,False
2023-08-13,SKU-001,124,False
2023-08-14,SKU-001,127,False
2023-08-15,SKU-001,151,False
2023-08-16,SKU-001,159,False
2023-08-17,SKU-001,136,False
2023-08-18,SKU-001,134,False
2023-08-19,SKU-001,127,False
2023-08-20,SKU-001,126,False
2023-08-21,SKU-001,147,False
2023-08-22,SKU-001,146,False
2023-08-23,SKU-001,155,False
2023-08-24,SKU-001,159,False
2023-08-25,SKU-001,143,False
2023-08-26,SKU-001,127,False
2023-08-27,SKU-001,119,False
2023-08-28,SKU-001,131,False
2023-08-29,SKU-001,150,False
2023-08-30,SKU-001,148,False
2023-08-31,SKU-001,114,False
2023-09-01,SKU-001,126,False
2023-09-02,SKU-001,116,False
2023-09-03,SKU-001,143,False
2023-09-04,SKU-001,144,False
2023-09-05,SKU-001,150,False
2023-09-06,SKU-001,149,False
2023-09-07,SKU-001,142,False
2023-09-08,SKU-001,129,False
2023-09-09,SKU-001,115,False
2023-09-10,SKU-001,120,False
2023-09-11,SKU-001,138,False
2023-09-12,SKU-001,143,False
2023-09-13,SKU-001,159,False
2023-09-14,SKU-001,127,False
2023-09-15,SKU-001,136,False
2023-09-16,SKU-001,122,False
2023-09-17,SKU-001,104,False
2023-09-18,SKU-001,146,False
2023-09-19,SKU-001,138,False
2023-09-20,SKU-001,155,False
2023-09-21,SKU-001,137,False
2023-09-22,SKU-001,115,False
2023-09-23,SKU-001,122,False
2023-09-24,SKU-001,119,False
2023-09-25,SKU-001,132,False
2023-09-26,SKU-001,150,False
2023-09-27,SKU-001,145,False
2023-09-28,SKU-001,134,False
2023-09-29,SKU-001,124,False
2023-09-30,SKU-001,108,False
2023-10-01,SKU-001,24,True
2023-10-02,SKU-001,137,False
2023-10-03,SKU-001,150,False
2023-10-04,SKU-001,145,False
2023-10-05,SKU-001,121,False
2023-10-06,SKU-001,139,False
2023-10-07,SKU-001,116,False
2023-10-08,SKU-001,126,False
2023-10-09,SKU-001,136,False
2023-10-10,SKU-001,144,False
2023-10-11,SKU-001,140,False
2023-10-12,SKU-001,134,False
2023-10-13,SKU-001,116,False
2023-10-14,SKU-001,114,False
2023-10-15,SKU-001,113,False
2023-10-16,SKU-001,148,False
2023-10-17,SKU-001,153,False
2023-10-18,SKU-001,150,False
2023-10-19,SKU-001,134,False
2023-10-20,SKU-001,120,False
2023-10-21,SKU-001,119,False
2023-10-22,SKU-001,131,False
2023-10-23,SKU-001,151,False
2023-10-24,SKU-001,136,False
2023-10-25,SKU-001,155,False
2023-10-26,SKU-001,137,False
2023-10-27,SKU-001,126,False
2023-10-28,SKU-001,122,False
2023-10-29,SKU-001,119,False
2023-10-30,SKU-001,135,False
2023-10-31,SKU-001,142,False
2023-11-01,SKU-001,148,False
2023-11-02,SKU-001,151,False
2023-11-03,SKU-001,133,False
2023-11-04,SKU-001,130,False
2023-11-05,SKU-001,122,False
2023-11-06,SKU-001,144,False
2023-11-07,SKU-001,138,False
2023-11-08,SKU-001,155,False
2023-11-09,SKU-001,152,False
2023-11-10,SKU-001,121,False
2023-11-11,SKU-001,121,False
2023-11-12,SKU-001,130,False
2023-11-13,SKU-001,150,False
2023-11-14,SKU-001,149,False
2023-11-15,SKU-001,162,False
2023-11-16,SKU-001,161,False
2023-11-17,SKU-001,142,False
2023-11-18,SKU-001,128,False
2023-11-19,SKU-001,136,False
2023-11-20,SKU-001,140,False
2023-11-21,SKU-001,158,False
2023-11-22,SKU-001,159,False
2023-11-23,SKU-001,155,False
2023-11-24,SKU-001,137,False
2023-11-25,SKU-001,136,False
2023-11-26,SKU-001,132,False
2023-11-27,SKU-001,155,False
2023-11-28,SKU-001,158,False
2023-11-29,SKU-001,147,False
2023-11-30,SKU-001,148,False
2023-12-01,SKU-001,144,False
2023-12-02,SKU-001,149,False
2023-12-03,SKU-001,146,False
2023-12-04,SKU-001,134,False
2023-12-05,SKU-001,152,False
2023-12-06,SKU-001,176,False
2023-12-07,SKU-001,164,False
2023-12-08,SKU-001,165,False
2023-12-09,SKU-001,136,False
2023-12-10,SKU-001,136,False
2023-12-11,SKU-001,156,False
2023-12-12,SKU-001,163,False
2023-12-13,SKU-001,179,False
2023-12-14,SKU-001,159,False
2023-12-15,SKU-001,148,False
2023-12-16,SKU-001,135,False
2023-12-17,SKU-001,153,False
2023-12-18,SKU-001,151,False
2023-12-19,SKU-001,174,False
2023-12-20,SKU-001,189,False
2023-12-21,SKU-001,153,False
2023-12-22,SKU-001,166,False
2023-12-23,SKU-001,149,False
2023-12-24,SKU-001,141,False
2023-12-25,SKU-001,163,False
2023-12-26,SKU-001,181,False
2023-12-27,SKU-001,172,False
2023-12-28,SKU-001,174,False
2023-12-29,SKU-001,171,False
2023-12-30,SKU-001,147,False
2023-12-31,SKU-001,146,False
2024-01-01,SKU-001,165,False
2024-01-02,SKU-001,179,False
2024-01-03,SKU-001,191,False
2024-01-04,SKU-001,173,False
2024-01-05,SKU-001,397,True
2024-01-06,SKU-001,153,False
2024-01-07,SKU-001,150,False
2024-01-08,SKU-001,158,False
2024-01-09,SKU-001,160,False
2024-01-10,SKU-001,190,False
2024-01-11,SKU-001,166,False
2024-01-12,SKU-001,174,False
2024-01-13,SKU-001,153,False
2024-01-14,SKU-001,162,False
2024-01-15,SKU-001,162,False
2024-01-16,SKU-001,195,False
2024-01-17,SKU-001,191,False
2024-01-18,SKU-001,174,False
2024-01-19,SKU-001,161,False
2024-01-20,SKU-001,158,False
2024-01-21,SKU-001,175,False
2024-01-22,SKU-001,186,False
2024-01-23,SKU-001,187,False
2024-01-24,SKU-001,195,False
2024-01-25,SKU-001,200,False
2024-01-26,SKU-001,186,False
2024-01-27,SKU-001,166,False
2024-01-28,SKU-001,170,False
2024-01-29,SKU-001,180,False
2024-01-30,SKU-001,205,False
2024-01-31,SKU-001,198,False
2024-02-01,SKU-001,187,False
2024-02-02,SKU-001,185,False
2024-02-03,SKU-001,169,False
2024-02-04,SKU-001,161,False
2024-02-05,SKU-001,192,False
2024-02-06,SKU-001,198,False
2024-02-07,SKU-001,210,False
2024-02-08,SKU-001,196,False
2024-02-09,SKU-001,178,False
2024-02-10,SKU-001,164,False
2024-02-11,SKU-001,187,False
2024-02-12,SKU-001,194,False
2024-02-13,SKU-001,203,False
2024-02-14,SKU-001,210,False
2024-02-15,SKU-001,183,False
2024-02-16,SKU-001,192,False
2024-02-17,SKU-001,185,False
2024-02-18,SKU-001,173,False
2024-02-19,SKU-001,188,False
2024-02-20,SKU-001,205,False
2024-02-21,SKU-001,195,False
2024-02-22,SKU-001,197,False
2024-02-23,SKU-001,192,False
2024-02-24,SKU-001,186,False
2024-02-25,SKU-001,173,False
2024-02-26,SKU-001,208,False
2024-02-27,SKU-001,214,False
2024-02-28,SKU-001,217,False
2024-02-29,SKU-001,200,False
2024-03-01,SKU-001,199,False
2024-03-02,SKU-001,194,False
2024-03-03,SKU-001,183,False
2024-03-04,SKU-001,188,False
2024-03-05,SKU-001,200,False
2024-03-06,SKU-001,209,False
2024-03-07,SKU-001,221,False
2024-03-08,SKU-001,201,False
2024-03-09,SKU-001,178,False
2024-03-10,SKU-001,186,False
2024-03-11,SKU-001,195,False
2024-03-12,SKU-001,215,False
2024-03-13,SKU-001,211,False
2024-03-14,SKU-001,203,False
2024-03-15,SKU-001,196,False
2024-03-16,SKU-001,169,False
2024-03-17,SKU-001,185,False
2024-03-18,SKU-001,200,False
2024-03-19,SKU-001,212,False
2024-03-20,SKU-001,209,False
2024-03-21,SKU-001,223,False
2024-03-22,SKU-001,205,False
2024-03-23,SKU-001,178,False
2024-03-24,SKU-001,195,False
2024-03-25,SKU-001,194,False
2024-03-26,SKU-001,213,False
2024-03-27,SKU-001,229,False
2024-03-28,SKU-001,211,False
2024-03-29,SKU-001,203,False
2024-03-30,SKU-001,185,False
2024-03-31,SKU-001,188,False
2024-04-01,SKU-001,197,False
2024-04-02,SKU-001,212,False
2024-04-03,SKU-001,204,False
2024-04-04,SKU-001,227,False
2024-04-05,SKU-001,186,False
2024-04-06,SKU-001,190,False
2024-04-07,SKU-001,193,False
2024-04-08,SKU-001,206,False
2024-04-09,SKU-001,229,False
2024-04-10,SKU-001,217,False
2024-04-11,SKU-001,199,False
2024-04-12,SKU-001,215,False
2024-04-13,SKU-001,168,False
2024-04-14,SKU-001,177,False
2024-04-15,SKU-001,215,False
2024-04-16,SKU-001,214,False
2024-04-17,SKU-001,221,False
2024-04-18,SKU-001,204,False
2024-04-19,SKU-001,189,False
2024-04-20,SKU-001,174,False
2024-04-21,SKU-001,207,False
2024-04-22,SKU-001,193,False
2024-04-23,SKU-001,208,False
2024-04-24,SKU-001,207,False
2024-04-25,SKU-001,204,False
2024-04-26,SKU-001,190,False
2024-04-27,SKU-001,188,False
2024-04-28,SKU-001,198,False
2024-04-29,SKU-001,189,False
2024-04-30,SKU-001,206,False
2024-05-01,SKU-001,216,False
2024-05-02,SKU-001,190,False
2024-05-03,SKU-001,196,False
2024-05-04,SKU-001,183,False
2024-05-05,SKU-001,183,False
2024-05-06,SKU-001,190,False
2024-05-07,SKU-001,206,False
2024-05-08,SKU-001,205,False
2024-05-09,SKU-001,205,False
2024-05-10,SKU-001,192,False
2024-05-11,SKU-001,199,False
2024-05-12,SKU-001,186,False
2024-05-13,SKU-001,179,False
2024-05-14,SKU-001,230,False
2024-05-15,SKU-001,225,False
2024-05-16,SKU-001,193,False
2024-05-17,SKU-001,167,False
2024-05-18,SKU-001,170,False
2024-05-19,SKU-001,179,False
2024-05-20,SKU-001,189,False
2024-05-21,SKU-001,486,True
2024-05-22,SKU-001,198,False
2024-05-23,SKU-001,190,False
2024-05-24,SKU-001,183,False
2024-05-25,SKU-001,147,False
2024-05-26,SKU-001,170,False
2024-05-27,SKU-001,199,False
2024-05-28,SKU-001,191,False
2024-05-29,SKU-001,204,False
2024-05-30,SKU-001,196,False
2024-05-31,SKU-001,183,False
2024-06-01,SKU-001,177,False
2024-06-02,SKU-001,182,False
2024-06-03,SKU-001,198,False
2024-06-04,SKU-001,194,False
2024-06-05,SKU-001,193,False
2024-06-06,SKU-001,194,False
2024-06-07,SKU-001,36,True
2024-06-08,SKU-001,167,False
2024-06-09,SKU-001,166,False
2024-06-10,SKU-001,181,False
2024-06-11,SKU-001,195,False
2024-06-12,SKU-001,206,False
2024-06-13,SKU-001,186,False
2024-06-14,SKU-001,180,False
2024-06-15,SKU-001,171,False
2024-06-16,SKU-001,174,False
2024-06-17,SKU-001,187,False
2024-06-18,SKU-001,207,False
2024-06-19,SKU-001,187,False
2024-06-20,SKU-001,193,False
2024-06-21,SKU-001,33,True
2024-06-22,SKU-001,151,False
2024-06-23,SKU-001,147,False
2024-06-24,SKU-001,168,False
2024-06-25,SKU-001,193,False
2024-06-26,SKU-001,179,False
2024-06-27,SKU-001,188,False
2024-06-28,SKU-001,173,False
2024-06-29,SKU-001,158,False
2024-06-30,SKU-001,149,False
2024-07-01,SKU-001,167,False
2024-07-02,SKU-001,182,False
2024-07-03,SKU-001,189,False
2024-07-04,SKU-001,168,False
2024-07-05,SKU-001,176,False
2024-07-06,SKU-001,158,False
2024-07-07,SKU-001,162,False
2024-07-08,SKU-001,174,False
2024-07-09,SKU-001,191,False
2024-07-10,SKU-001,185,False
2024-07-11,SKU-001,180,False
2024-07-12,SKU-001,155,False
2024-07-13,SKU-001,167,False
2024-07-14,SKU-001,156,False
2024-07-15,SKU-001,161,False
2024-07-16,SKU-001,35,True
2024-07-17,SKU-001,165,False
2024-07-18,SKU-001,174,False
2024-07-19,SKU-001,157,False
2024-07-20,SKU-001,151,False
2024-07-21,SKU-001,155,False
2024-07-22,SKU-001,164,False
2024-07-23,SKU-001,167,False
2024-07-24,SKU-001,172,False
2024-07-25,SKU-001,159,False
2024-07-26,SKU-001,155,False
2024-07-27,SKU-001,140,False
2024-07-28,SKU-001,145,False
2024-07-29,SKU-001,168,False
2024-07-30,SKU-001,176,False
2024-07-31,SKU-001,166,False
2024-08-01,SKU-001,168,False
2024-08-02,SKU-001,153,False
2024-08-03,SKU-001,157,False
2024-08-04,SKU-001,157,False
2024-08-05,SKU-001,167,False
2024-08-06,SKU-001,173,False
2024-08-07,SKU-001,176,False
2024-08-08,SKU-001,178,False
2024-08-09,SKU-001,144,False
2024-08-10,SKU-001,140,False
2024-08-11,SKU-001,148,False
2024-08-12,SKU-001,167,False
2024-08-13,SKU-001,153,False
2024-08-14,SKU-001,177,False
2024-08-15,SKU-001,158,False
2024-08-16,SKU-001,155,False
2024-08-17,SKU-001,142,False
2024-08-18,SKU-001,125,False
2024-08-19,SKU-001,141,False
2024-08-20,SKU-001,160,False
2024-08-21,SKU-001,163,False
2024-08-22,SKU-001,161,False
2024-08-23,SKU-001,148,False
2024-08-24,SKU-001,144,False
2024-08-25,SKU-001,164,False
2024-08-26,SKU-001,153,False
2024-08-27,SKU-001,161,False
2024-08-28,SKU-001,161,False
2024-08-29,SKU-001,161,False
2024-08-30,SKU-001,152,False
2024-08-31,SKU-001,124,False
2024-09-01,SKU-001,125,False
2024-09-02,SKU-001,155,False
2024-09-03,SKU-001,154,False
2024-09-04,SKU-001,152,False
2024-09-05,SKU-001,166,False
2024-09-06,SKU-001,141,False
2024-09-07,SKU-001,127,False
2024-09-08,SKU-001,148,False
2024-09-09,SKU-001,162,False
2024-09-10,SKU-001,148,False
2024-09-11,SKU-001,170,False
2024-09-12,SKU-001,154,False
2024-09-13,SKU-001,140,False
2024-09-14,SKU-001,126,False
2024-09-15,SKU-001,129,False
2024-09-16,SKU-001,142,False
2024-09-17,SKU-001,143,False
2024-09-18,SKU-001,179,False
2024-09-19,SKU-001,143,False
2024-09-20,SKU-001,129,False
2024-09-21,SKU-001,120,False
2024-09-22,SKU-001,147,False
2024-09-23,SKU-001,148,False
2024-09-24,SKU-001,159,False
2024-09-25,SKU-001,170,False
2024-09-26,SKU-001,143,False
2024-09-27,SKU-001,145,False
2024-09-28,SKU-001,133,False
2024-09-29,SKU-001,127,False
2024-09-30,SKU-001,162,False
2024-10-01,SKU-001,156,False
2024-10-02,SKU-001,162,False
2024-10-03,SKU-001,156,False
2024-10-04,SKU-001,143,False
2024-10-05,SKU-001,115,False
2024-10-06,SKU-001,129,False
2024-10-07,SKU-001,151,False
2024-10-08,SKU-001,155,False
2024-10-09,SKU-001,157,False
2024-10-10,SKU-001,153,False
2024-10-11,SKU-001,141,False
2024-10-12,SKU-001,136,False
2024-10-13,SKU-001,140,False
2024-10-14,SKU-001,149,False
2024-10-15,SKU-001,166,False
2024-10-16,SKU-001,169,False
2024-10-17,SKU-001,169,False
2024-10-18,SKU-001,129,False
2024-10-19,SKU-001,142,False
2024-10-20,SKU-001,134,False
2024-10-21,SKU-001,151,False
2024-10-22,SKU-001,171,False
2024-10-23,SKU-001,170,False
2024-10-24,SKU-001,163,False
2024-10-25,SKU-001,140,False
2024-10-26,SKU-001,125,False
2024-10-27,SKU-001,148,False
2024-10-28,SKU-001,135,False
2024-10-29,SKU-001,171,False
2024-10-30,SKU-001,372,True
2024-10-31,SKU-001,172,False
2024-11-01,SKU-001,154,False
2024-11-02,SKU-001,150,False
2024-11-03,SKU-001,141,False
2024-11-04,SKU-001,162,False
2024-11-05,SKU-001,156,False
2024-11-06,SKU-001,156,False
2024-11-07,SKU-001,179,False
2024-11-08,SKU-001,154,False
2024-11-09,SKU-001,138,False
2024-11-10,SKU-001,147,False
2024-11-11,SKU-001,154,False
2024-11-12,SKU-001,172,False
2024-11-13,SKU-001,164,False
2024-11-14,SKU-001,155,False
2024-11-15,SKU-001,135,False
2024-11-16,SKU-001,146,False
2024-11-17,SKU-001,141,False
2024-11-18,SKU-001,146,False
2024-11-19,SKU-001,163,False
2024-11-20,SKU-001,178,False
2024-11-21,SKU-001,167,False
2024-11-22,SKU-001,146,False
2024-11-23,SKU-001,157,False
2024-11-24,SKU-001,149,False
2024-11-25,SKU-001,165,False
2024-11-26,SKU-001,175,False
2024-11-27,SKU-001,175,False
2024-11-28,SKU-001,173,False
2024-11-29,SKU-001,166,False
2024-11-30,SKU-001,147,False
2024-12-01,SKU-001,159,False
2024-12-02,SKU-001,159,False
2024-12-03,SKU-001,192,False
2024-12-04,SKU-001,174,False
2024-12-05,SKU-001,191,False
2024-12-06,SKU-001,150,False
2024-12-07,SKU-001,150,False
2024-12-08,SKU-001,160,False
2024-12-09,SKU-001,178,False
2024-12-10,SKU-001,194,False
2024-12-11,SKU-001,196,False
2024-12-12,SKU-001,163,False
2024-12-13,SKU-001,167,False
2024-12-14,SKU-001,150,False
2024-12-15,SKU-001,168,False
2024-12-16,SKU-001,181,False
2024-12-17,SKU-001,187,False
2024-12-18,SKU-001,184,False
2024-12-19,SKU-001,171,False
2024-12-20,SKU-001,162,False
2024-12-21,SKU-001,154,False
2024-12-22,SKU-001,164,False
2024-12-23,SKU-001,184,False
2024-12-24,SKU-001,189,False
2024-12-25,SKU-001,182,False
2024-12-26,SKU-001,174,False
2024-12-27,SKU-001,177,False
2024-12-28,SKU-001,180,False
2024-12-29,SKU-001,168,False
2024-12-30,SKU-001,174,False
2023-01-01,SKU-002,66,False
2023-01-02,SKU-002,72,False
2023-01-03,SKU-002,93,False
2023-01-04,SKU-002,100,False
2023-01-05,SKU-002,96,False
2023-01-06,SKU-002,83,False
2023-01-07,SKU-002,67,False
2023-01-08,SKU-002,69,False
2023-01-09,SKU-002,86,False
2023-01-10,SKU-002,117,False
2023-01-11,SKU-002,98,False
2023-01-12,SKU-002,90,False
2023-01-13,SKU-002,71,False
2023-01-14,SKU-002,67,False
2023-01-15,SKU-002,78,False
2023-01-16,SKU-002,88,False
2023-01-17,SKU-002,104,False
2023-01-18,SKU-002,116,False
2023-01-19,SKU-002,77,False
2023-01-20,SKU-002,85,False
2023-01-21,SKU-002,80,False
2023-01-22,SKU-002,96,False
2023-01-23,SKU-002,97,False
2023-01-24,SKU-002,100,False
2023-01-25,SKU-002,104,False
2023-01-26,SKU-002,96,False
2023-01-27,SKU-002,89,False
2023-01-28,SKU-002,86,False
2023-01-29,SKU-002,75,False
2023-01-30,SKU-002,98,False
2023-01-31,SKU-002,110,False
2023-02-01,SKU-002,110,False
2023-02-02,SKU-002,103,False
2023-02-03,SKU-002,83,False
2023-02-04,SKU-002,85,False
2023-02-05,SKU-002,79,False
2023-02-06,SKU-002,262,True
2023-02-07,SKU-002,108,False
2023-02-08,SKU-002,107,False
2023-02-09,SKU-002,110,False
2023-02-10,SKU-002,89,False
2023-02-11,SKU-002,86,False
2023-02-12,SKU-002,85,False
2023-02-13,SKU-002,99,False
2023-02-14,SKU-002,117,False
2023-02-15,SKU-002,113,False
2023-02-16,SKU-002,98,False
2023-02-17,SKU-002,104,False
2023-02-18,SKU-002,81,False
2023-02-19,SKU-002,91,False
2023-02-20,SKU-002,101,False
2023-02-21,SKU-002,108,False
2023-02-22,SKU-002,25,True
2023-02-23,SKU-002,118,False
2023-02-24,SKU-002,111,False
2023-02-25,SKU-002,89,False
2023-02-26,SKU-002,99,False
2023-02-27,SKU-002,98,False
2023-02-28,SKU-002,110,False
2023-03-01,SKU-002,127,False
2023-03-02,SKU-002,104,False
2023-03-03,SKU-002,96,False
2023-03-04,SKU-002,89,False
2023-03-05,SKU-002,94,False
2023-03-06,SKU-002,115,False
2023-03-07,SKU-002,111,False
2023-03-08,SKU-002,122,False
2023-03-09,SKU-002,125,False
2023-03-10,SKU-002,106,False
2023-03-11,SKU-002,90,False
2023-03-12,SKU-002,97,False
2023-03-13,SKU-002,108,False
2023-03-14,SKU-002,127,False
2023-03-15,SKU-002,130,False
2023-03-16,SKU-002,106,False
2023-03-17,SKU-002,103,False
2023-03-18,SKU-002,97,False
2023-03-19,SKU-002,102,False
2023-03-20,SKU-002,118,False
2023-03-21,SKU-002,134,False
2023-03-22,SKU-002,127,False
2023-03-23,SKU-002,115,False
2023-03-24,SKU-002,97,False
2023-03-25,SKU-002,84,False
2023-03-26,SKU-002,100,False
2023-03-27,SKU-002,107,False
2023-03-28,SKU-002,126,False
2023-03-29,SKU-002,130,False
2023-03-30,SKU-002,113,False
2023-03-31,SKU-002,100,False
2023-04-01,SKU-002,106,False
2023-04-02,SKU-002,101,False
2023-04-03,SKU-002,105,False
2023-04-04,SKU-002,124,False
2023-04-05,SKU-002,147,False
2023-04-06,SKU-002,123,False
2023-04-07,SKU-002,109,False
2023-04-08,SKU-002,91,False
2023-04-09,SKU-002,84,False
2023-04-10,SKU-002,121,False
2023-04-11,SKU-002,126,False
2023-04-12,SKU-002,329,True
2023-04-13,SKU-002,126,False
2023-04-14,SKU-002,102,False
2023-04-15,SKU-002,97,False
2023-04-16,SKU-002,103,False
2023-04-17,SKU-002,117,False
2023-04-18,SKU-002,130,False
2023-04-19,SKU-002,128,False
2023-04-20,SKU-002,108,False
2023-04-21,SKU-002,109,False
2023-04-22,SKU-002,92,False
2023-04-23,SKU-002,110,False
2023-04-24,SKU-002,112,False
2023-04-25,SKU-002,125,False
2023-04-26,SKU-002,147,False
2023-04-27,SKU-002,124,False
2023-04-28,SKU-002,107,False
2023-04-29,SKU-002,238,True
2023-04-30,SKU-002,89,False
2023-05-01,SKU-002,107,False
2023-05-02,SKU-002,127,False
2023-05-03,SKU-002,114,False
2023-05-04,SKU-002,125,False
2023-05-05,SKU-002,115,False
2023-05-06,SKU-002,102,False
2023-05-07,SKU-002,107,False
2023-05-08,SKU-002,109,False
2023-05-09,SKU-002,126,False
2023-05-10,SKU-002,132,False
2023-05-11,SKU-002,116,False
2023-05-12,SKU-002,74,False
2023-05-13,SKU-002,102,False
2023-05-14,SKU-002,100,False
2023-05-15,SKU-002,103,False
2023-05-16,SKU-002,115,False
2023-05-17,SKU-002,121,False
2023-05-18,SKU-002,121,False
2023-05-19,SKU-002,105,False
2023-05-20,SKU-002,82,False
2023-05-21,SKU-002,106,False
2023-05-22,SKU-002,117,False
2023-05-23,SKU-002,108,False
2023-05-24,SKU-002,121,False
2023-05-25,SKU-002,110,False
2023-05-26,SKU-002,107,False
2023-05-27,SKU-002,81,False
2023-05-28,SKU-002,96,False
2023-05-29,SKU-002,106,False
2023-05-30,SKU-002,118,False
2023-05-31,SKU-002,119,False
2023-06-01,SKU-002,98,False
2023-06-02,SKU-002,100,False
2023-06-03,SKU-002,92,False
2023-06-04,SKU-002,90,False
2023-06-05,SKU-002,99,False
2023-06-06,SKU-002,123,False
2023-06-07,SKU-002,126,False
2023-06-08,SKU-002,101,False
2023-06-09,SKU-002,95,False
2023-06-10,SKU-002,60,False
2023-06-11,SKU-002,78,False
2023-06-12,SKU-002,92,False
2023-06-13,SKU-002,108,False
2023-06-14,SKU-002,107,False
2023-06-15,SKU-002,93,False
2023-06-16,SKU-002,80,False
2023-06-17,SKU-002,71,False
2023-06-18,SKU-002,72,False
2023-06-19,SKU-002,77,False
2023-06-20,SKU-002,105,False
2023-06-21,SKU-002,105,False
2023-06-22,SKU-002,82,False
2023-06-23,SKU-002,90,False
2023-06-24,SKU-002,74,False
2023-06-25,SKU-002,76,False
2023-06-26,SKU-002,98,False
2023-06-27,SKU-002,97,False
2023-06-28,SKU-002,106,False
2023-06-29,SKU-002,94,False
2023-06-30,SKU-002,76,False
2023-07-01,SKU-002,63,False
2023-07-02,SKU-002,68,False
2023-07-03,SKU-002,84,False
2023-07-04,SKU-002,105,False
2023-07-05,SKU-002,81,False
2023-07-06,SKU-002,80,False
2023-07-07,SKU-002,82,False
2023-07-08,SKU-002,72,False
2023-07-09,SKU-002,64,False
2023-07-10,SKU-002,81,False
2023-07-11,SKU-002,102,False
2023-07-12,SKU-002,93,False
2023-07-13,SKU-002,89,False
2023-07-14,SKU-002,74,False
2023-07-15,SKU-002,77,False
2023-07-16,SKU-002,80,False
2023-07-17,SKU-002,81,False
2023-07-18,SKU-002,93,False
2023-07-19,SKU-002,86,False
2023-07-20,SKU-002,85,False
2023-07-21,SKU-002,76,False
2023-07-22,SKU-002,55,False
2023-07-23,SKU-002,65,False
2023-07-24,SKU-002,86,False
2023-07-25,SKU-002,83,False
2023-07-26,SKU-002,83,False
2023-07-27,SKU-002,79,False
2023-07-28,SKU-002,78,False
2023-07-29,SKU-002,53,False
2023-07-30,SKU-002,52,False
2023-07-31,SKU-002,77,False
2023-08-01,SKU-002,100,False
2023-08-02,SKU-002,72,False
2023-08-03,SKU-002,84,False
2023-08-04,SKU-002,62,False
2023-08-05,SKU-002,53,False
2023-08-06,SKU-002,59,False
2023-08-07,SKU-002,66,False
2023-08-08,SKU-002,89,False
2023-08-09,SKU-002,77,False
2023-08-10,SKU-002,84,False
2023-08-11,SKU-002,65,False
2023-08-12,SKU-002,49,False
2023-08-13,SKU-002,59,False
2023-08-14,SKU-002,61,False
2023-08-15,SKU-002,75,False
2023-08-16,SKU-002,86,False
2023-08-17,SKU-002,63,False
2023-08-18,SKU-002,51,False
2023-08-19,SKU-002,53,False
2023-08-20,SKU-002,60,False
2023-08-21,SKU-002,66,False
2023-08-22,SKU-002,77,False
2023-08-23,SKU-002,74,False
2023-08-24,SKU-002,84,False
2023-08-25,SKU-002,61,False
2023-08-26,SKU-002,39,False
2023-08-27,SKU-002,58,False
2023-08-28,SKU-002,68,False
2023-08-29,SKU-002,180,True
2023-08-30,SKU-002,72,False
2023-08-31,SKU-002,66,False
2023-09-01,SKU-002,60,False
2023-09-02,SKU-002,58,False
2023-09-03,SKU-002,58,False
2023-09-04,SKU-002,70,False
2023-09-05,SKU-002,63,False
2023-09-06,SKU-002,82,False
2023-09-07,SKU-002,73,False
2023-09-08,SKU-002,57,False
2023-09-09,SKU-002,51,False
2023-09-10,SKU-002,35,False
2023-09-11,SKU-002,42,False
2023-09-12,SKU-002,74,False
2023-09-13,SKU-002,74,False
2023-09-14,SKU-002,65,False
2023-09-15,SKU-002,57,False
2023-09-16,SKU-002,47,False
2023-09-17,SKU-002,51,False
2023-09-18,SKU-002,67,False
2023-09-19,SKU-002,67,False
2023-09-20,SKU-002,77,False
2023-09-21,SKU-002,61,False
2023-09-22,SKU-002,38,False
2023-09-23,SKU-002,42,False
2023-09-24,SKU-002,56,False
2023-09-25,SKU-002,52,False
2023-09-26,SKU-002,75,False
2023-09-27,SKU-002,81,False
2023-09-28,SKU-002,72,False
2023-09-29,SKU-002,48,False
2023-09-30,SKU-002,39,False
2023-10-01,SKU-002,48,False
2023-10-02,SKU-002,62,False
2023-10-03,SKU-002,76,False
2023-10-04,SKU-002,79,False
2023-10-05,SKU-002,88,False
2023-10-06,SKU-002,65,False
2023-10-07,SKU-002,42,False
2023-10-08,SKU-002,65,False
2023-10-09,SKU-002,51,False
2023-10-10,SKU-002,64,False
2023-10-11,SKU-002,81,False
2023-10-12,SKU-002,65,False
2023-10-13,SKU-002,35,False
2023-10-14,SKU-002,58,False
2023-10-15,SKU-002,54,False
2023-10-16,SKU-002,60,False
2023-10-17,SKU-002,71,False
2023-10-18,SKU-002,74,False
2023-10-19,SKU-002,52,False
2023-10-20,SKU-002,48,False
2023-10-21,SKU-002,8,True
2023-10-22,SKU-002,47,False
2023-10-23,SKU-002,69,False
2023-10-24,SKU-002,70,False
2023-10-25,SKU-002,67,False
2023-10-26,SKU-002,65,False
2023-10-27,SKU-002,64,False
2023-10-28,SKU-002,51,False
2023-10-29,SKU-002,60,False
2023-10-30,SKU-002,64,False
2023-10-31,SKU-002,71,False
2023-11-01,SKU-002,91,False
2023-11-02,SKU-002,66,False
2023-11-03,SKU-002,66,False
2023-11-04,SKU-002,42,False
2023-11-05,SKU-002,61,False
2023-11-06,SKU-002,71,False
2023-11-07,SKU-002,85,False
2023-11-08,SKU-002,72,False
2023-11-09,SKU-002,75,False
2023-11-10,SKU-002,55,False
2023-11-11,SKU-002,40,False
2023-11-12,SKU-002,50,False
2023-11-13,SKU-002,80,False
2023-11-14,SKU-002,92,False
2023-11-15,SKU-002,75,False
2023-11-16,SKU-002,77,False
2023-11-17,SKU-002,68,False
2023-11-18,SKU-002,48,False
2023-11-19,SKU-002,64,False
2023-11-20,SKU-002,79,False
2023-11-21,SKU-002,82,False
2023-11-22,SKU-002,81,False
2023-11-23,SKU-002,78,False
2023-11-24,SKU-002,55,False
2023-11-25,SKU-002,68,False
2023-11-26,SKU-002,60,False
2023-11-27,SKU-002,84,False
2023-11-28,SKU-002,88,False
2023-11-29,SKU-002,83,False
2023-11-30,SKU-002,66,False
2023-12-01,SKU-002,70,False
2023-12-02,SKU-002,60,False
2023-12-03,SKU-002,70,False
2023-12-04,SKU-002,70,False
2023-12-05,SKU-002,89,False
2023-12-06,SKU-002,97,False
2023-12-07,SKU-002,90,False
2023-12-08,SKU-002,84,False
2023-12-09,SKU-002,76,False
2023-12-10,SKU-002,70,False
2023-12-11,SKU-002,82,False
2023-12-12,SKU-002,97,False
2023-12-13,SKU-002,83,False
2023-12-14,SKU-002,78,False
2023-12-15,SKU-002,69,False
2023-12-16,SKU-002,70,False
2023-12-17,SKU-002,69,False
2023-12-18,SKU-002,67,False
2023-12-19,SKU-002,91,False
2023-12-20,SKU-002,102,False
2023-12-21,SKU-002,115,False
2023-12-22,SKU-002,67,False
2023-12-23,SKU-002,70,False
2023-12-24,SKU-002,85,False
2023-12-25,SKU-002,90,False
2023-12-26,SKU-002,91,False
2023-12-27,SKU-002,106,False
2023-12-28,SKU-002,108,False
2023-12-29,SKU-002,81,False
2023-12-30,SKU-002,82,False
2023-12-31,SKU-002,73,False
2024-01-01,SKU-002,84,False
2024-01-02,SKU-002,100,False
2024-01-03,SKU-002,113,False
2024-01-04,SKU-002,115,False
2024-01-05,SKU-002,101,False
2024-01-06,SKU-002,76,False
2024-01-07,SKU-002,85,False
2024-01-08,SKU-002,97,False
2024-01-09,SKU-002,115,False
2024-01-10,SKU-002,97,False
2024-01-11,SKU-002,105,False
2024-01-12,SKU-002,78,False
2024-01-13,SKU-002,101,False
2024-01-14,SKU-002,99,False
2024-01-15,SKU-002,94,False
2024-01-16,SKU-002,130,False
2024-01-17,SKU-002,107,False
2024-01-18,SKU-002,110,False
2024-01-19,SKU-002,241,True
2024-01-20,SKU-002,94,False
2024-01-21,SKU-002,69,False
2024-01-22,SKU-002,104,False
2024-01-23,SKU-002,114,False
2024-01-24,SKU-002,114,False
2024-01-25,SKU-002,116,False
2024-01-26,SKU-002,95,False
2024-01-27,SKU-002,99,False
2024-01-28,SKU-002,103,False
2024-01-29,SKU-002,280,True
2024-01-30,SKU-002,130,False
2024-01-31,SKU-002,22,True
2024-02-01,SKU-002,122,False
2024-02-02,SKU-002,113,False
2024-02-03,SKU-002,90,False
2024-02-04,SKU-002,101,False
2024-02-05,SKU-002,98,False
2024-02-06,SKU-002,110,False
2024-02-07,SKU-002,128,False
2024-02-08,SKU-002,118,False
2024-02-09,SKU-002,107,False
2024-02-10,SKU-002,104,False
2024-02-11,SKU-002,114,False
2024-02-12,SKU-002,114,False
2024-02-13,SKU-002,125,False
2024-02-14,SKU-002,124,False
2024-02-15,SKU-002,129,False
2024-02-16,SKU-002,104,False
2024-02-17,SKU-002,100,False
2024-02-18,SKU-002,110,False
2024-02-19,SKU-002,118,False
2024-02-20,SKU-002,129,False
2024-02-21,SKU-002,126,False
2024-02-22,SKU-002,127,False
2024-02-23,SKU-002,130,False
2024-02-24,SKU-002,94,False
2024-02-25,SKU-002,99,False
2024-02-26,SKU-002,126,False
2024-02-27,SKU-002,133,False
2024-02-28,SKU-002,146,False
2024-02-29,SKU-002,121,False
2024-03-01,SKU-002,121,False
2024-03-02,SKU-002,109,False
2024-03-03,SKU-002,102,False
2024-03-04,SKU-002,117,False
2024-03-05,SKU-002,134,False
2024-03-06,SKU-002,130,False
2024-03-07,SKU-002,138,False
2024-03-08,SKU-002,122,False
2024-03-09,SKU-002,104,False
2024-03-10,SKU-002,110,False
2024-03-11,SKU-002,131,False
2024-03-12,SKU-002,135,False
2024-03-13,SKU-002,154,False
2024-03-14,SKU-002,135,False
2024-03-15,SKU-002,111,False
2024-03-16,SKU-002,101,False
2024-03-17,SKU-002,121,False
2024-03-18,SKU-002,121,False
2024-03-19,SKU-002,138,False
2024-03-20,SKU-002,117,False
2024-03-21,SKU-002,132,False
2024-03-22,SKU-002,107,False
2024-03-23,SKU-002,99,False
2024-03-24,SKU-002,123,False
2024-03-25,SKU-002,123,False
2024-03-26,SKU-002,134,False
2024-03-27,SKU-002,157,False
2024-03-28,SKU-002,140,False
2024-03-29,SKU-002,132,False
2024-03-30,SKU-002,121,False
2024-03-31,SKU-002,121,False
2024-04-01,SKU-002,138,False
2024-04-02,SKU-002,131,False
2024-04-03,SKU-002,133,False
2024-04-04,SKU-002,121,False
2024-04-05,SKU-002,105,False
2024-04-06,SKU-002,280,True
2024-04-07,SKU-002,116,False
2024-04-08,SKU-002,126,False
2024-04-09,SKU-002,143,False
2024-04-10,SKU-002,138,False
2024-04-11,SKU-002,143,False
2024-04-12,SKU-002,115,False
2024-04-13,SKU-002,107,False
2024-04-14,SKU-002,111,False
2024-04-15,SKU-002,124,False
2024-04-16,SKU-002,131,False
2024-04-17,SKU-002,125,False
2024-04-18,SKU-002,126,False
2024-04-19,SKU-002,123,False
2024-04-20,SKU-002,100,False
2024-04-21,SKU-002,118,False
2024-04-22,SKU-002,140,False
2024-04-23,SKU-002,146,False
2024-04-24,SKU-002,140,False
2024-04-25,SKU-002,127,False
2024-04-26,SKU-002,114,False
2024-04-27,SKU-002,110,False
2024-04-28,SKU-002,117,False
2024-04-29,SKU-002,130,False
2024-04-30,SKU-002,149,False
2024-05-01,SKU-002,154,False
2024-05-02,SKU-002,132,False
2024-05-03,SKU-002,110,False
2024-05-04,SKU-002,112,False
2024-05-05,SKU-002,101,False
2024-05-06,SKU-002,114,False
2024-05-07,SKU-002,142,False
2024-05-08,SKU-002,140,False
2024-05-09,SKU-002,130,False
2024-05-10,SKU-002,128,False
2024-05-11,SKU-002,109,False
2024-05-12,SKU-002,110,False
2024-05-13,SKU-002,119,False
2024-05-14,SKU-002,127,False
2024-05-15,SKU-002,137,False
2024-05-16,SKU-002,124,False
2024-05-17,SKU-002,101,False
2024-05-18,SKU-002,105,False
2024-05-19,SKU-002,105,False
2024-05-20,SKU-002,126,False
2024-05-21,SKU-002,110,False
2024-05-22,SKU-002,136,False
2024-05-23,SKU-002,122,False
2024-05-24,SKU-002,127,False
2024-05-25,SKU-002,89,False
2024-05-26,SKU-002,104,False
2024-05-27,SKU-002,22,True
2024-05-28,SKU-002,121,False
2024-05-29,SKU-002,132,False
2024-05-30,SKU-002,120,False
2024-05-31,SKU-002,121,False
2024-06-01,SKU-002,96,False
2024-06-02,SKU-002,93,False
2024-06-03,SKU-002,115,False
2024-06-04,SKU-002,301,True
2024-06-05,SKU-002,125,False
2024-06-06,SKU-002,128,False
2024-06-07,SKU-002,105,False
2024-06-08,SKU-002,95,False
2024-06-09,SKU-002,87,False
2024-06-10,SKU-002,104,False
2024-06-11,SKU-002,22,True
2024-06-12,SKU-002,116,False
2024-06-13,SKU-002,101,False
2024-06-14,SKU-002,90,False
2024-06-15,SKU-002,79,False
2024-06-16,SKU-002,95,False
2024-06-17,SKU-002,110,False
2024-06-18,SKU-002,120,False
2024-06-19,SKU-002,106,False
2024-06-20,SKU-002,105,False
2024-06-21,SKU-002,92,False
2024-06-22,SKU-002,76,False
2024-06-23,SKU-002,91,False
2024-06-24,SKU-002,104,False
2024-06-25,SKU-002,112,False
2024-06-26,SKU-002,103,False
2024-06-27,SKU-002,123,False
2024-06-28,SKU-002,87,False
2024-06-29,SKU-002,93,False
2024-06-30,SKU-002,99,False
2024-07-01,SKU-002,95,False
2024-07-02,SKU-002,113,False
2024-07-03,SKU-002,102,False
2024-07-04,SKU-002,101,False
2024-07-05,SKU-002,94,False
2024-07-06,SKU-002,82,False
2024-07-07,SKU-002,90,False
2024-07-08,SKU-002,92,False
2024-07-09,SKU-002,114,False
2024-07-10,SKU-002,101,False
2024-07-11,SKU-002,104,False
2024-07-12,SKU-002,82,False
2024-07-13,SKU-002,65,False
2024-07-14,SKU-002,86,False
2024-07-15,SKU-002,72,False
2024-07-16,SKU-002,97,False
2024-07-17,SKU-002,98,False
2024-07-18,SKU-002,107,False
2024-07-19,SKU-002,90,False
2024-07-20,SKU-002,67,False
2024-07-21,SKU-002,68,False
2024-07-22,SKU-002,85,False
2024-07-23,SKU-002,91,False
2024-07-24,SKU-002,114,False
2024-07-25,SKU-002,80,False
2024-07-26,SKU-002,95,False
2024-07-27,SKU-002,75,False
2024-07-28,SKU-002,79,False
2024-07-29,SKU-002,87,False
2024-07-30,SKU-002,84,False
2024-07-31,SKU-002,106,False
2024-08-01,SKU-002,91,False
2024-08-02,SKU-002,70,False
2024-08-03,SKU-002,78,False
2024-08-04,SKU-002,80,False
2024-08-05,SKU-002,92,False
2024-08-06,SKU-002,102,False
2024-08-07,SKU-002,93,False
2024-08-08,SKU-002,93,False
2024-08-09,SKU-002,83,False
2024-08-10,SKU-002,74,False
2024-08-11,SKU-002,50,False
2024-08-12,SKU-002,80,False
2024-08-13,SKU-002,86,False
2024-08-14,SKU-002,106,False
2024-08-15,SKU-002,85,False
2024-08-16,SKU-002,76,False
2024-08-17,SKU-002,66,False
2024-08-18,SKU-002,77,False
2024-08-19,SKU-002,93,False
2024-08-20,SKU-002,90,False
2024-08-21,SKU-002,94,False
2024-08-22,SKU-002,95,False
2024-08-23,SKU-002,61,False
2024-08-24,SKU-002,54,False
2024-08-25,SKU-002,59,False
2024-08-26,SKU-002,82,False
2024-08-27,SKU-002,88,False
2024-08-28,SKU-002,85,False
2024-08-29,SKU-002,92,False
2024-08-30,SKU-002,57,False
2024-08-31,SKU-002,55,False
2024-09-01,SKU-002,62,False
2024-09-02,SKU-002,89,False
2024-09-03,SKU-002,81,False
2024-09-04,SKU-002,93,False
2024-09-05,SKU-002,79,False
2024-09-06,SKU-002,58,False
2024-09-07,SKU-002,63,False
2024-09-08,SKU-002,59,False
2024-09-09,SKU-002,69,False
2024-09-10,SKU-002,74,False
2024-09-11,SKU-002,88,False
2024-09-12,SKU-002,92,False
2024-09-13,SKU-002,61,False
2024-09-14,SKU-002,49,False
2024-09-15,SKU-002,48,False
2024-09-16,SKU-002,59,False
2024-09-17,SKU-002,83,False
2024-09-18,SKU-002,88,False
2024-09-19,SKU-002,82,False
2024-09-20,SKU-002,65,False
2024-09-21,SKU-002,59,False
2024-09-22,SKU-002,72,False
2024-09-23,SKU-002,82,False
2024-09-24,SKU-002,93,False
2024-09-25,SKU-002,95,False
2024-09-26,SKU-002,84,False
2024-09-27,SKU-002,53,False
2024-09-28,SKU-002,56,False
2024-09-29,SKU-002,63,False
2024-09-30,SKU-002,65,False
2024-10-01,SKU-002,97,False
2024-10-02,SKU-002,84,False
2024-10-03,SKU-002,66,False
2024-10-04,SKU-002,63,False
2024-10-05,SKU-002,61,False
2024-10-06,SKU-002,54,False
2024-10-07,SKU-002,71,False
2024-10-08,SKU-002,72,False
2024-10-09,SKU-002,84,False
2024-10-10,SKU-002,80,False
2024-10-11,SKU-002,66,False
2024-10-12,SKU-002,65,False
2024-10-13,SKU-002,54,False
2024-10-14,SKU-002,191,True
2024-10-15,SKU-002,90,False
2024-10-16,SKU-002,87,False
2024-10-17,SKU-002,86,False
2024-10-18,SKU-002,80,False
2024-10-19,SKU-002,73,False
2024-10-20,SKU-002,61,False
2024-10-21,SKU-002,82,False
2024-10-22,SKU-002,83,False
2024-10-23,SKU-002,101,False
2024-10-24,SKU-002,79,False
2024-10-25,SKU-002,81,False
2024-10-26,SKU-002,68,False
2024-10-27,SKU-002,61,False
2024-10-28,SKU-002,85,False
2024-10-29,SKU-002,87,False
2024-10-30,SKU-002,118,False
2024-10-31,SKU-002,84,False
2024-11-01,SKU-002,71,False
2024-11-02,SKU-002,42,False
2024-11-03,SKU-002,70,False
2024-11-04,SKU-002,68,False
2024-11-05,SKU-002,246,True
2024-11-06,SKU-002,86,False
2024-11-07,SKU-002,84,False
2024-11-08,SKU-002,71,False
2024-11-09,SKU-002,72,False
2024-11-10,SKU-002,72,False
2024-11-11,SKU-002,79,False
2024-11-12,SKU-002,88,False
2024-11-13,SKU-002,120,False
2024-11-14,SKU-002,99,False
2024-11-15,SKU-002,80,False
2024-11-16,SKU-002,73,False
2024-11-17,SKU-002,71,False
2024-11-18,SKU-002,87,False
2024-11-19,SKU-002,94,False
2024-11-20,SKU-002,93,False
2024-11-21,SKU-002,95,False
2024-11-22,SKU-002,77,False
2024-11-23,SKU-002,75,False
2024-11-24,SKU-002,80,False
2024-11-25,SKU-002,91,False
2024-11-26,SKU-002,92,False
2024-11-27,SKU-002,99,False
2024-11-28,SKU-002,19,True
2024-11-29,SKU-002,94,False
2024-11-30,SKU-002,76,False
2024-12-01,SKU-002,70,False
2024-12-02,SKU-002,76,False
2024-12-03,SKU-002,105,False
2024-12-04,SKU-002,99,False
2024-12-05,SKU-002,93,False
2024-12-06,SKU-002,78,False
2024-12-07,SKU-002,71,False
2024-12-08,SKU-002,72,False
2024-12-09,SKU-002,94,False
2024-12-10,SKU-002,108,False
2024-12-11,SKU-002,103,False
2024-12-12,SKU-002,116,False
2024-12-13,SKU-002,94,False
2024-12-14,SKU-002,66,False
2024-12-15,SKU-002,86,False
2024-12-16,SKU-002,100,False
2024-12-17,SKU-002,113,False
2024-12-18,SKU-002,113,False
2024-12-19,SKU-002,112,False
2024-12-20,SKU-002,102,False
2024-12-21,SKU-002,90,False
2024-12-22,SKU-002,100,False
2024-12-23,SKU-002,109,False
2024-12-24,SKU-002,112,False
2024-12-25,SKU-002,120,False
2024-12-26,SKU-002,114,False
2024-12-27,SKU-002,106,False
2024-12-28,SKU-002,89,False
2024-12-29,SKU-002,95,False
2024-12-30,SKU-002,91,False
2023-01-01,SKU-003,51,False
2023-01-02,SKU-003,59,False
2023-01-03,SKU-003,75,False
2023-01-04,SKU-003,88,False
2023-01-05,SKU-003,75,False
2023-01-06,SKU-003,56,False
2023-01-07,SKU-003,51,False
2023-01-08,SKU-003,67,False
2023-01-09,SKU-003,60,False
2023-01-10,SKU-003,75,False
2023-01-11,SKU-003,83,False
2023-01-12,SKU-003,72,False
2023-01-13,SKU-003,186,True
2023-01-14,SKU-003,64,False
2023-01-15,SKU-003,57,False
2023-01-16,SKU-003,81,False
2023-01-17,SKU-003,71,False
2023-01-18,SKU-003,103,False
2023-01-19,SKU-003,91,False
2023-01-20,SKU-003,147,True
2023-01-21,SKU-003,71,False
2023-01-22,SKU-003,69,False
2023-01-23,SKU-003,78,False
2023-01-24,SKU-003,92,False
2023-01-25,SKU-003,105,False
2023-01-26,SKU-003,92,False
2023-01-27,SKU-003,63,False
2023-01-28,SKU-003,67,False
2023-01-29,SKU-003,60,False
2023-01-30,SKU-003,74,False
2023-01-31,SKU-003,88,False
2023-02-01,SKU-003,83,False
2023-02-02,SKU-003,80,False
2023-02-03,SKU-003,87,False
2023-02-04,SKU-003,61,False
2023-02-05,SKU-003,77,False
2023-02-06,SKU-003,84,False
2023-02-07,SKU-003,99,False
2023-02-08,SKU-003,102,False
2023-02-09,SKU-003,82,False
2023-02-10,SKU-003,84,False
2023-02-11,SKU-003,60,False
2023-02-12,SKU-003,67,False
2023-02-13,SKU-003,90,False
2023-02-14,SKU-003,89,False
2023-02-15,SKU-003,85,False
2023-02-16,SKU-003,96,False
2023-02-17,SKU-003,68,False
2023-02-18,SKU-003,78,False
2023-02-19,SKU-003,73,False
2023-02-20,SKU-003,90,False
2023-02-21,SKU-003,102,False
2023-02-22,SKU-003,109,False
2023-02-23,SKU-003,100,False
2023-02-24,SKU-003,74,False
2023-02-25,SKU-003,73,False
2023-02-26,SKU-003,80,False
2023-02-27,SKU-003,101,False
2023-02-28,SKU-003,107,False
2023-03-01,SKU-003,116,False
2023-03-02,SKU-003,100,False
2023-03-03,SKU-003,93,False
2023-03-04,SKU-003,79,False
2023-03-05,SKU-003,88,False
2023-03-06,SKU-003,89,False
2023-03-07,SKU-003,116,False
2023-03-08,SKU-003,111,False
2023-03-09,SKU-003,88,False
2023-03-10,SKU-003,89,False
2023-03-11,SKU-003,61,False
2023-03-12,SKU-003,86,False
2023-03-13,SKU-003,100,False
2023-03-14,SKU-003,121,False
2023-03-15,SKU-003,104,False
2023-03-16,SKU-003,116,False
2023-03-17,SKU-003,87,False
2023-03-18,SKU-003,73,False
2023-03-19,SKU-003,78,False
2023-03-20,SKU-003,99,False
2023-03-21,SKU-003,99,False
2023-03-22,SKU-003,106,False
2023-03-23,SKU-003,104,False
2023-03-24,SKU-003,101,False
2023-03-25,SKU-003,87,False
2023-03-26,SKU-003,83,False
2023-03-27,SKU-003,99,False
2023-03-28,SKU-003,109,False
2023-03-29,SKU-003,100,False
2023-03-30,SKU-003,115,False
2023-03-31,SKU-003,101,False
2023-04-01,SKU-003,80,False
2023-04-02,SKU-003,80,False
2023-04-03,SKU-003,86,False
2023-04-04,SKU-003,112,False
2023-04-05,SKU-003,115,False
2023-04-06,SKU-003,95,False
2023-04-07,SKU-003,90,False
2023-04-08,SKU-003,87,False
2023-04-09,SKU-003,79,False
2023-04-10,SKU-003,93,False
2023-04-11,SKU-003,105,False
2023-04-12,SKU-003,103,False
2023-04-13,SKU-003,100,False
2023-04-14,SKU-003,76,False
2023-04-15,SKU-003,78,False
2023-04-16,SKU-003,81,False
2023-04-17,SKU-003,94,False
2023-04-18,SKU-003,109,False
2023-04-19,SKU-003,99,False
2023-04-20,SKU-003,92,False
2023-04-21,SKU-003,81,False
2023-04-22,SKU-003,68,False
2023-04-23,SKU-003,86,False
2023-04-24,SKU-003,89,False
2023-04-25,SKU-003,104,False
2023-04-26,SKU-003,100,False
2023-04-27,SKU-003,96,False
2023-04-28,SKU-003,88,False
2023-04-29,SKU-003,80,False
2023-04-30,SKU-003,72,False
2023-05-01,SKU-003,91,False
2023-05-02,SKU-003,96,False
2023-05-03,SKU-003,105,False
2023-05-04,SKU-003,92,False
2023-05-05,SKU-003,99,False
2023-05-06,SKU-003,82,False
2023-05-07,SKU-003,81,False
2023-05-08,SKU-003,74,False
2023-05-09,SKU-003,99,False
2023-05-10,SKU-003,110,False
2023-05-11,SKU-003,95,False
2023-05-12,SKU-003,95,False
2023-05-13,SKU-003,81,False
2023-05-14,SKU-003,73,False
2023-05-15,SKU-003,100,False
2023-05-16,SKU-003,97,False
2023-05-17,SKU-003,117,False
2023-05-18,SKU-003,106,False
2023-05-19,SKU-003,82,False
2023-05-20,SKU-003,59,False
2023-05-21,SKU-003,75,False
2023-05-22,SKU-003,76,False
2023-05-23,SKU-003,91,False
2023-05-24,SKU-003,94,False
2023-05-25,SKU-003,81,False
2023-05-26,SKU-003,78,False
2023-05-27,SKU-003,62,False
2023-05-28,SKU-003,69,False
2023-05-29,SKU-003,78,False
2023-05-30,SKU-003,97,False
2023-05-31,SKU-003,99,False
2023-06-01,SKU-003,85,False
2023-06-02,SKU-003,78,False
2023-06-03,SKU-003,75,False
2023-06-04,SKU-003,51,False
2023-06-05,SKU-003,74,False
2023-06-06,SKU-003,83,False
2023-06-07,SKU-003,87,False
2023-06-08,SKU-003,66,False
2023-06-09,SKU-003,54,False
2023-06-10,SKU-003,40,False
2023-06-11,SKU-003,60,False
2023-06-12,SKU-003,71,False
2023-06-13,SKU-003,98,False
2023-06-14,SKU-003,90,False
2023-06-15,SKU-003,64,False
2023-06-16,SKU-003,71,False
2023-06-17,SKU-003,90,False
2023-06-18,SKU-003,44,False
2023-06-19,SKU-003,86,False
2023-06-20,SKU-003,83,False
2023-06-21,SKU-003,82,False
2023-06-22,SKU-003,73,False
2023-06-23,SKU-003,66,False
2023-06-24,SKU-003,52,False
2023-06-25,SKU-003,48,False
2023-06-26,SKU-003,64,False
2023-06-27,SKU-003,83,False
2023-06-28,SKU-003,88,False
2023-06-29,SKU-003,89,False
2023-06-30,SKU-003,61,False
2023-07-01,SKU-003,62,False
2023-07-02,SKU-003,52,False
2023-07-03,SKU-003,65,False
2023-07-04,SKU-003,76,False
2023-07-05,SKU-003,81,False
2023-07-06,SKU-003,77,False
2023-07-07,SKU-003,53,False
2023-07-08,SKU-003,41,False
2023-07-09,SKU-003,58,False
2023-07-10,SKU-003,69,False
2023-07-11,SKU-003,85,False
2023-07-12,SKU-003,71,False
2023-07-13,SKU-003,65,False
2023-07-14,SKU-003,61,False
2023-07-15,SKU-003,41,False
2023-07-16,SKU-003,52,False
2023-07-17,SKU-003,57,False
2023-07-18,SKU-003,72,False
2023-07-19,SKU-003,63,False
2023-07-20,SKU-003,64,False
2023-07-21,SKU-003,26,False
2023-07-22,SKU-003,51,False
2023-07-23,SKU-003,50,False
2023-07-24,SKU-003,47,False
2023-07-25,SKU-003,80,False
2023-07-26,SKU-003,78,False
2023-07-27,SKU-003,51,False
2023-07-28,SKU-003,42,False
2023-07-29,SKU-003,30,False
2023-07-30,SKU-003,43,False
2023-07-31,SKU-003,47,False
2023-08-01,SKU-003,48,False
2023-08-02,SKU-003,65,False
2023-08-03,SKU-003,64,False
2023-08-04,SKU-003,44,False
2023-08-05,SKU-003,39,False
2023-08-06,SKU-003,39,False
2023-08-07,SKU-003,55,False
2023-08-08,SKU-003,62,False
2023-08-09,SKU-003,62,False
2023-08-10,SKU-003,55,False
2023-08-11,SKU-003,53,False
2023-08-12,SKU-003,37,False
2023-08-13,SKU-003,27,False
2023-08-14,SKU-003,47,False
2023-08-15,SKU-003,60,False
2023-08-16,SKU-003,59,False
2023-08-17,SKU-003,36,False
2023-08-18,SKU-003,31,False
2023-08-19,SKU-003,26,False
2023-08-20,SKU-003,47,False
2023-08-21,SKU-003,48,False
2023-08-22,SKU-003,43,False
2023-08-23,SKU-003,57,False
2023-08-24,SKU-003,60,False
2023-08-25,SKU-003,31,False
2023-08-26,SKU-003,36,False
2023-08-27,SKU-003,18,False
2023-08-28,SKU-003,19,False
2023-08-29,SKU-003,63,False
2023-08-30,SKU-003,52,False
2023-08-31,SKU-003,32,False
2023-09-01,SKU-003,31,False
2023-09-02,SKU-003,27,False
2023-09-03,SKU-003,32,False
2023-09-04,SKU-003,20,False
2023-09-05,SKU-003,46,False
2023-09-06,SKU-003,54,False
2023-09-07,SKU-003,49,False
2023-09-08,SKU-003,25,False
2023-09-09,SKU-003,23,False
2023-09-10,SKU-003,22,False
2023-09-11,SKU-003,40,False
2023-09-12,SKU-003,59,False
2023-09-13,SKU-003,50,False
2023-09-14,SKU-003,34,False
2023-09-15,SKU-003,26,False
2023-09-16,SKU-003,37,False
2023-09-17,SKU-003,19,False
2023-09-18,SKU-003,28,False
2023-09-19,SKU-003,46,False
2023-09-20,SKU-003,51,False
2023-09-21,SKU-003,40,False
2023-09-22,SKU-003,19,False
2023-09-23,SKU-003,25,False
2023-09-24,SKU-003,27,False
2023-09-25,SKU-003,43,False
2023-09-26,SKU-003,50,False
2023-09-27,SKU-003,65,False
2023-09-28,SKU-003,50,False
2023-09-29,SKU-003,35,False
2023-09-30,SKU-003,32,False
2023-10-01,SKU-003,26,False
2023-10-02,SKU-003,36,False
2023-10-03,SKU-003,51,False
2023-10-04,SKU-003,36,False
2023-10-05,SKU-003,45,False
2023-10-06,SKU-003,30,False
2023-10-07,SKU-003,26,False
2023-10-08,SKU-003,34,False
2023-10-09,SKU-003,42,False
2023-10-10,SKU-003,44,False
2023-10-11,SKU-003,59,False
2023-10-12,SKU-003,57,False
2023-10-13,SKU-003,40,False
2023-10-14,SKU-003,13,False
2023-10-15,SKU-003,31,False
2023-10-16,SKU-003,29,False
2023-10-17,SKU-003,48,False
2023-10-18,SKU-003,56,False
2023-10-19,SKU-003,47,False
2023-10-20,SKU-003,41,False
2023-10-21,SKU-003,38,False
2023-10-22,SKU-003,31,False
2023-10-23,SKU-003,37,False
2023-10-24,SKU-003,36,False
2023-10-25,SKU-003,65,False
2023-10-26,SKU-003,46,False
2023-10-27,SKU-003,33,False
2023-10-28,SKU-003,26,False
2023-10-29,SKU-003,33,False
2023-10-30,SKU-003,45,False
2023-10-31,SKU-003,51,False
2023-11-01,SKU-003,55,False
2023-11-02,SKU-003,44,False
2023-11-03,SKU-003,30,False
2023-11-04,SKU-003,22,False
2023-11-05,SKU-003,30,False
2023-11-06,SKU-003,36,False
2023-11-07,SKU-003,32,False
2023-11-08,SKU-003,55,False
2023-11-09,SKU-003,41,False
2023-11-10,SKU-003,39,False
2023-11-11,SKU-003,25,False
2023-11-12,SKU-003,37,False
2023-11-13,SKU-003,36,False
2023-11-14,SKU-003,43,False
2023-11-15,SKU-003,60,False
2023-11-16,SKU-003,50,False
2023-11-17,SKU-003,30,False
2023-11-18,SKU-003,39,False
2023-11-19,SKU-003,28,False
2023-11-20,SKU-003,42,False
2023-11-21,SKU-003,68,False
2023-11-22,SKU-003,68,False
2023-11-23,SKU-003,47,False
2023-11-24,SKU-003,41,False
2023-11-25,SKU-003,26,False
2023-11-26,SKU-003,46,False
2023-11-27,SKU-003,58,False
2023-11-28,SKU-003,78,False
2023-11-29,SKU-003,85,False
2023-11-30,SKU-003,54,False
2023-12-01,SKU-003,52,False
2023-12-02,SKU-003,24,False
2023-12-03,SKU-003,44,False
2023-12-04,SKU-003,58,False
2023-12-05,SKU-003,59,False
2023-12-06,SKU-003,64,False
2023-12-07,SKU-003,69,False
2023-12-08,SKU-003,53,False
2023-12-09,SKU-003,55,False
2023-12-10,SKU-003,58,False
2023-12-11,SKU-003,44,False
2023-12-12,SKU-003,66,False
2023-12-13,SKU-003,65,False
2023-12-14,SKU-003,72,False
2023-12-15,SKU-003,55,False
2023-12-16,SKU-003,38,False
2023-12-17,SKU-003,42,False
2023-12-18,SKU-003,71,False
2023-12-19,SKU-003,14,True
2023-12-20,SKU-003,61,False
2023-12-21,SKU-003,69,False
2023-12-22,SKU-003,67,False
2023-12-23,SKU-003,49,False
2023-12-24,SKU-003,67,False
2023-12-25,SKU-003,75,False
2023-12-26,SKU-003,74,False
2023-12-27,SKU-003,80,False
2023-12-28,SKU-003,71,False
2023-12-29,SKU-003,63,False
2023-12-30,SKU-003,50,False
2023-12-31,SKU-003,63,False
2024-01-01,SKU-003,74,False
2024-01-02,SKU-003,88,False
2024-01-03,SKU-003,80,False
2024-01-04,SKU-003,83,False
2024-01-05,SKU-003,58,False
2024-01-06,SKU-003,50,False
2024-01-07,SKU-003,57,False
2024-01-08,SKU-003,77,False
2024-01-09,SKU-003,87,False
2024-01-10,SKU-003,89,False
2024-01-11,SKU-003,78,False
2024-01-12,SKU-003,52,False
2024-01-13,SKU-003,60,False
2024-01-14,SKU-003,55,False
2024-01-15,SKU-003,168,True
2024-01-16,SKU-003,194,True
2024-01-17,SKU-003,85,False
2024-01-18,SKU-003,85,False
2024-01-19,SKU-003,79,False
2024-01-20,SKU-003,59,False
2024-01-21,SKU-003,56,False
2024-01-22,SKU-003,79,False
2024-01-23,SKU-003,94,False
2024-01-24,SKU-003,94,False
2024-01-25,SKU-003,95,False
2024-01-26,SKU-003,74,False
2024-01-27,SKU-003,51,False
2024-01-28,SKU-003,63,False
2024-01-29,SKU-003,94,False
2024-01-30,SKU-003,96,False
2024-01-31,SKU-003,90,False
2024-02-01,SKU-003,91,False
2024-02-02,SKU-003,77,False
2024-02-03,SKU-003,70,False
2024-02-04,SKU-003,58,False
2024-02-05,SKU-003,88,False
2024-02-06,SKU-003,86,False
2024-02-07,SKU-003,93,False
2024-02-08,SKU-003,86,False
2024-02-09,SKU-003,75,False
2024-02-10,SKU-003,73,False
2024-02-11,SKU-003,77,False
2024-02-12,SKU-003,95,False
2024-02-13,SKU-003,114,False
2024-02-14,SKU-003,113,False
2024-02-15,SKU-003,88,False
2024-02-16,SKU-003,85,False
2024-02-17,SKU-003,84,False
2024-02-18,SKU-003,85,False
2024-02-19,SKU-003,105,False
2024-02-20,SKU-003,105,False
2024-02-21,SKU-003,102,False
2024-02-22,SKU-003,106,False
2024-02-23,SKU-003,88,False
2024-02-24,SKU-003,82,False
2024-02-25,SKU-003,93,False
2024-02-26,SKU-003,96,False
2024-02-27,SKU-003,114,False
2024-02-28,SKU-003,105,False
2024-02-29,SKU-003,93,False
2024-03-01,SKU-003,88,False
2024-03-02,SKU-003,79,False
2024-03-03,SKU-003,230,True
2024-03-04,SKU-003,90,False
2024-03-05,SKU-003,123,False
2024-03-06,SKU-003,114,False
2024-03-07,SKU-003,104,False
2024-03-08,SKU-003,101,False
2024-03-09,SKU-003,96,False
2024-03-10,SKU-003,83,False
2024-03-11,SKU-003,89,False
2024-03-12,SKU-003,126,False
2024-03-13,SKU-003,121,False
2024-03-14,SKU-003,113,False
2024-03-15,SKU-003,87,False
2024-03-16,SKU-003,90,False
2024-03-17,SKU-003,87,False
2024-03-18,SKU-003,97,False
2024-03-19,SKU-003,109,False
2024-03-20,SKU-003,117,False
2024-03-21,SKU-003,117,False
2024-03-22,SKU-003,110,False
2024-03-23,SKU-003,81,False
2024-03-24,SKU-003,89,False
2024-03-25,SKU-003,98,False
2024-03-26,SKU-003,114,False
2024-03-27,SKU-003,93,False
2024-03-28,SKU-003,104,False
2024-03-29,SKU-003,109,False
2024-03-30,SKU-003,79,False
2024-03-31,SKU-003,84,False
2024-04-01,SKU-003,95,False
2024-04-02,SKU-003,110,False
2024-04-03,SKU-003,103,False
2024-04-04,SKU-003,101,False
2024-04-05,SKU-003,96,False
2024-04-06,SKU-003,88,False
2024-04-07,SKU-003,89,False
2024-04-08,SKU-003,110,False
2024-04-09,SKU-003,114,False
2024-04-10,SKU-003,124,False
2024-04-11,SKU-003,123,False
2024-04-12,SKU-003,99,False
2024-04-13,SKU-003,73,False
2024-04-14,SKU-003,89,False
2024-04-15,SKU-003,99,False
2024-04-16,SKU-003,122,False
2024-04-17,SKU-003,112,False
2024-04-18,SKU-003,98,False
2024-04-19,SKU-003,87,False
2024-04-20,SKU-003,73,False
2024-04-21,SKU-003,62,False
2024-04-22,SKU-003,114,False
2024-04-23,SKU-003,109,False
2024-04-24,SKU-003,102,False
2024-04-25,SKU-003,117,False
2024-04-26,SKU-003,105,False
2024-04-27,SKU-003,83,False
2024-04-28,SKU-003,74,False
2024-04-29,SKU-003,92,False
2024-04-30,SKU-003,105,False
2024-05-01,SKU-003,110,False
2024-05-02,SKU-003,93,False
2024-05-03,SKU-003,96,False
2024-05-04,SKU-003,157,True
2024-05-05,SKU-003,81,False
2024-05-06,SKU-003,91,False
2024-05-07,SKU-003,113,False
2024-05-08,SKU-003,123,False
2024-05-09,SKU-003,104,False
2024-05-10,SKU-003,87,False
2024-05-11,SKU-003,68,False
2024-05-12,SKU-003,84,False
2024-05-13,SKU-003,101,False
2024-05-14,SKU-003,98,False
2024-05-15,SKU-003,114,False
2024-05-16,SKU-003,101,False
2024-05-17,SKU-003,102,False
2024-05-18,SKU-003,74,False
2024-05-19,SKU-003,73,False
2024-05-20,SKU-003,96,False
2024-05-21,SKU-003,94,False
2024-05-22,SKU-003,103,False
2024-05-23,SKU-003,97,False
2024-05-24,SKU-003,87,False
2024-05-25,SKU-003,82,False
2024-05-26,SKU-003,91,False
2024-05-27,SKU-003,73,False
2024-05-28,SKU-003,113,False
2024-05-29,SKU-003,89,False
2024-05-30,SKU-003,84,False
2024-05-31,SKU-003,83,False
2024-06-01,SKU-003,71,False
2024-06-02,SKU-003,63,False
2024-06-03,SKU-003,88,False
2024-06-04,SKU-003,93,False
2024-06-05,SKU-003,84,False
2024-06-06,SKU-003,98,False
2024-06-07,SKU-003,68,False
2024-06-08,SKU-003,58,False
2024-06-09,SKU-003,69,False
2024-06-10,SKU-003,73,False
2024-06-11,SKU-003,96,False
2024-06-12,SKU-003,92,False
2024-06-13,SKU-003,88,False
2024-06-14,SKU-003,66,False
2024-06-15,SKU-003,64,False
2024-06-16,SKU-003,58,False
2024-06-17,SKU-003,74,False
2024-06-18,SKU-003,88,False
2024-06-19,SKU-003,76,False
2024-06-20,SKU-003,90,False
2024-06-21,SKU-003,56,False
2024-06-22,SKU-003,51,False
2024-06-23,SKU-003,55,False
2024-06-24,SKU-003,77,False
2024-06-25,SKU-003,80,False
2024-06-26,SKU-003,100,False
2024-06-27,SKU-003,92,False
2024-06-28,SKU-003,69,False
2024-06-29,SKU-003,50,False
2024-06-30,SKU-003,56,False
2024-07-01,SKU-003,70,False
2024-07-02,SKU-003,89,False
2024-07-03,SKU-003,81,False
2024-07-04,SKU-003,68,False
2024-07-05,SKU-003,52,False
2024-07-06,SKU-003,61,False
2024-07-07,SKU-003,59,False
2024-07-08,SKU-003,63,False
2024-07-09,SKU-003,75,False
2024-07-10,SKU-003,65,False
2024-07-11,SKU-003,63,False
2024-07-12,SKU-003,74,False
2024-07-13,SKU-003,50,False
2024-07-14,SKU-003,39,False
2024-07-15,SKU-003,52,False
2024-07-16,SKU-003,70,False
2024-07-17,SKU-003,69,False
2024-07-18,SKU-003,67,False
2024-07-19,SKU-003,58,False
2024-07-20,SKU-003,38,False
2024-07-21,SKU-003,45,False
2024-07-22,SKU-003,10,True
2024-07-23,SKU-003,84,False
2024-07-24,SKU-003,74,False
2024-07-25,SKU-003,65,False
2024-07-26,SKU-003,39,False
2024-07-27,SKU-003,33,False
2024-07-28,SKU-003,43,False
2024-07-29,SKU-003,53,False
2024-07-30,SKU-003,64,False
2024-07-31,SKU-003,76,False
2024-08-01,SKU-003,57,False
2024-08-02,SKU-003,51,False
2024-08-03,SKU-003,30,False
2024-08-04,SKU-003,52,False
2024-08-05,SKU-003,45,False
2024-08-06,SKU-003,65,False
2024-08-07,SKU-003,66,False
2024-08-08,SKU-003,61,False
2024-08-09,SKU-003,52,False
2024-08-10,SKU-003,33,False
2024-08-11,SKU-003,46,False
2024-08-12,SKU-003,60,False
2024-08-13,SKU-003,60,False
2024-08-14,SKU-003,79,False
2024-08-15,SKU-003,59,False
2024-08-16,SKU-003,40,False
2024-08-17,SKU-003,35,False
2024-08-18,SKU-003,51,False
2024-08-19,SKU-003,51,False
2024-08-20,SKU-003,62,False
2024-08-21,SKU-003,66,False
2024-08-22,SKU-003,61,False
2024-08-23,SKU-003,43,False
2024-08-24,SKU-003,37,False
2024-08-25,SKU-003,35,False
2024-08-26,SKU-003,47,False
2024-08-27,SKU-003,65,False
2024-08-28,SKU-003,54,False
2024-08-29,SKU-003,52,False
2024-08-30,SKU-003,36,False
2024-08-31,SKU-003,19,False
2024-09-01,SKU-003,23,False
2024-09-02,SKU-003,44,False
2024-09-03,SKU-003,64,False
2024-09-04,SKU-003,60,False
2024-09-05,SKU-003,45,False
2024-09-06,SKU-003,48,False
2024-09-07,SKU-003,25,False
2024-09-08,SKU-003,23,False
2024-09-09,SKU-003,57,False
2024-09-10,SKU-003,55,False
2024-09-11,SKU-003,70,False
2024-09-12,SKU-003,49,False
2024-09-13,SKU-003,36,False
2024-09-14,SKU-003,3,True
2024-09-15,SKU-003,27,False
2024-09-16,SKU-003,48,False
2024-09-17,SKU-003,49,False
2024-09-18,SKU-003,59,False
2024-09-19,SKU-003,53,False
2024-09-20,SKU-003,26,False
2024-09-21,SKU-003,20,False
2024-09-22,SKU-003,22,False
2024-09-23,SKU-003,47,False
2024-09-24,SKU-003,51,False
2024-09-25,SKU-003,53,False
2024-09-26,SKU-003,42,False
2024-09-27,SKU-003,36,False
2024-09-28,SKU-003,34,False
2024-09-29,SKU-003,34,False
2024-09-30,SKU-003,40,False
2024-10-01,SKU-003,53,False
2024-10-02,SKU-003,51,False
2024-10-03,SKU-003,56,False
2024-10-04,SKU-003,37,False
2024-10-05,SKU-003,29,False
2024-10-06,SKU-003,32,False
2024-10-07,SKU-003,28,False
2024-10-08,SKU-003,42,False
2024-10-09,SKU-003,57,False
2024-10-10,SKU-003,43,False
2024-10-11,SKU-003,25,False
2024-10-12,SKU-003,32,False
2024-10-13,SKU-003,37,False
2024-10-14,SKU-003,52,False
2024-10-15,SKU-003,46,False
2024-10-16,SKU-003,64,False
2024-10-17,SKU-003,53,False
2024-10-18,SKU-003,28,False
2024-10-19,SKU-003,19,False
2024-10-20,SKU-003,45,False
2024-10-21,SKU-003,42,False
2024-10-22,SKU-003,43,False
2024-10-23,SKU-003,58,False
2024-10-24,SKU-003,48,False
2024-10-25,SKU-003,38,False
2024-10-26,SKU-003,30,False
2024-10-27,SKU-003,53,False
2024-10-28,SKU-003,42,False
2024-10-29,SKU-003,69,False
2024-10-30,SKU-003,58,False
2024-10-31,SKU-003,41,False
2024-11-01,SKU-003,53,False
2024-11-02,SKU-003,24,False
2024-11-03,SKU-003,30,False
2024-11-04,SKU-003,52,False
2024-11-05,SKU-003,53,False
2024-11-06,SKU-003,55,False
2024-11-07,SKU-003,61,False
2024-11-08,SKU-003,45,False
2024-11-09,SKU-003,44,False
2024-11-10,SKU-003,37,False
2024-11-11,SKU-003,30,False
2024-11-12,SKU-003,42,False
2024-11-13,SKU-003,58,False
2024-11-14,SKU-003,73,False
2024-11-15,SKU-003,48,False
2024-11-16,SKU-003,43,False
2024-11-17,SKU-003,55,False
2024-11-18,SKU-003,57,False
2024-11-19,SKU-003,68,False
2024-11-20,SKU-003,74,False
2024-11-21,SKU-003,63,False
2024-11-22,SKU-003,46,False
2024-11-23,SKU-003,40,False
2024-11-24,SKU-003,48,False
2024-11-25,SKU-003,47,False
2024-11-26,SKU-003,72,False
2024-11-27,SKU-003,73,False
2024-11-28,SKU-003,44,False
2024-11-29,SKU-003,44,False
2024-11-30,SKU-003,41,False
2024-12-01,SKU-003,39,False
2024-12-02,SKU-003,69,False
2024-12-03,SKU-003,59,False
2024-12-04,SKU-003,75,False
2024-12-05,SKU-003,63,False
2024-12-06,SKU-003,62,False
2024-12-07,SKU-003,39,False
2024-12-08,SKU-003,46,False
2024-12-09,SKU-003,53,False
2024-12-10,SKU-003,80,False
2024-12-11,SKU-003,69,False
2024-12-12,SKU-003,78,False
2024-12-13,SKU-003,57,False
2024-12-14,SKU-003,48,False
2024-12-15,SKU-003,51,False
2024-12-16,SKU-003,62,False
2024-12-17,SKU-003,93,False
2024-12-18,SKU-003,79,False
2024-12-19,SKU-003,69,False
2024-12-20,SKU-003,64,False
2024-12-21,SKU-003,48,False
2024-12-22,SKU-003,42,False
2024-12-23,SKU-003,72,False
2024-12-24,SKU-003,84,False
2024-12-25,SKU-003,71,False
2024-12-26,SKU-003,85,False
2024-12-27,SKU-003,61,False
2024-12-28,SKU-003,69,False
2024-12-29,SKU-003,70,False
2024-12-30,SKU-003,57,False
2023-01-01,SKU-004,188,False
2023-01-02,SKU-004,211,False
2023-01-03,SKU-004,209,False
2023-01-04,SKU-004,227,False
2023-01-05,SKU-004,199,False
2023-01-06,SKU-004,173,False
2023-01-07,SKU-004,178,False
2023-01-08,SKU-004,196,False
2023-01-09,SKU-004,208,False
2023-01-10,SKU-004,204,False
2023-01-11,SKU-004,221,False
2023-01-12,SKU-004,204,False
2023-01-13,SKU-004,182,False
2023-01-14,SKU-004,196,False
2023-01-15,SKU-004,201,False
2023-01-16,SKU-004,201,False
2023-01-17,SKU-004,227,False
2023-01-18,SKU-004,220,False
2023-01-19,SKU-004,214,False
2023-01-20,SKU-004,199,False
2023-01-21,SKU-004,183,False
2023-01-22,SKU-004,194,False
2023-01-23,SKU-004,199,False
2023-01-24,SKU-004,225,False
2023-01-25,SKU-004,229,False
2023-01-26,SKU-004,201,False
2023-01-27,SKU-004,208,False
2023-01-28,SKU-004,195,False
2023-01-29,SKU-004,186,False
2023-01-30,SKU-004,213,False
2023-01-31,SKU-004,221,False
2023-02-01,SKU-004,221,False
2023-02-02,SKU-004,210,False
2023-02-03,SKU-004,209,False
2023-02-04,SKU-004,200,False
2023-02-05,SKU-004,203,False
2023-02-06,SKU-004,223,False
2023-02-07,SKU-004,239,False
2023-02-08,SKU-004,213,False
2023-02-09,SKU-004,225,False
2023-02-10,SKU-004,205,False
2023-02-11,SKU-004,206,False
2023-02-12,SKU-004,199,False
2023-02-13,SKU-004,233,False
2023-02-14,SKU-004,234,False
2023-02-15,SKU-004,231,False
2023-02-16,SKU-004,234,False
2023-02-17,SKU-004,205,False
2023-02-18,SKU-004,522,True
2023-02-19,SKU-004,206,False
2023-02-20,SKU-004,218,False
2023-02-21,SKU-004,228,False
2023-02-22,SKU-004,230,False
2023-02-23,SKU-004,220,False
2023-02-24,SKU-004,220,False
2023-02-25,SKU-004,213,False
2023-02-26,SKU-004,207,False
2023-02-27,SKU-004,217,False
2023-02-28,SKU-004,233,False
2023-03-01,SKU-004,240,False
2023-03-02,SKU-004,214,False
2023-03-03,SKU-004,206,False
2023-03-04,SKU-004,206,False
2023-03-05,SKU-004,205,False
2023-03-06,SKU-004,234,False
2023-03-07,SKU-004,225,False
2023-03-08,SKU-004,236,False
2023-03-09,SKU-004,234,False
2023-03-10,SKU-004,219,False
2023-03-11,SKU-004,218,False
2023-03-12,SKU-004,222,False
2023-03-13,SKU-004,225,False
2023-03-14,SKU-004,231,False
2023-03-15,SKU-004,233,False
2023-03-16,SKU-004,224,False
2023-03-17,SKU-004,217,False
2023-03-18,SKU-004,202,False
2023-03-19,SKU-004,208,False
2023-03-20,SKU-004,228,False
2023-03-21,SKU-004,239,False
2023-03-22,SKU-004,609,True
2023-03-23,SKU-004,238,False
2023-03-24,SKU-004,211,False
2023-03-25,SKU-004,213,False
2023-03-26,SKU-004,222,False
2023-03-27,SKU-004,224,False
2023-03-28,SKU-004,230,False
2023-03-29,SKU-004,243,False
2023-03-30,SKU-004,234,False
2023-03-31,SKU-004,222,False
2023-04-01,SKU-004,216,False
2023-04-02,SKU-004,209,False
2023-04-03,SKU-004,222,False
2023-04-04,SKU-004,238,False
2023-04-05,SKU-004,237,False
2023-04-06,SKU-004,230,False
2023-04-07,SKU-004,233,False
2023-04-08,SKU-004,196,False
2023-04-09,SKU-004,224,False
2023-04-10,SKU-004,224,False
2023-04-11,SKU-004,244,False
2023-04-12,SKU-004,241,False
2023-04-13,SKU-004,223,False
2023-04-14,SKU-004,230,False
2023-04-15,SKU-004,220,False
2023-04-16,SKU-004,205,False
2023-04-17,SKU-004,229,False
2023-04-18,SKU-004,231,False
2023-04-19,SKU-004,227,False
2023-04-20,SKU-004,224,False
2023-04-21,SKU-004,228,False
2023-04-22,SKU-004,216,False
2023-04-23,SKU-004,209,False
2023-04-24,SKU-004,234,False
2023-04-25,SKU-004,244,False
2023-04-26,SKU-004,231,False
2023-04-27,SKU-004,242,False
2023-04-28,SKU-004,213,False
2023-04-29,SKU-004,206,False
2023-04-30,SKU-004,195,False
2023-05-01,SKU-004,217,False
2023-05-02,SKU-004,232,False
2023-05-03,SKU-004,238,False
2023-05-04,SKU-004,219,False
2023-05-05,SKU-004,208,False
2023-05-06,SKU-004,44,True
2023-05-07,SKU-004,211,False
2023-05-08,SKU-004,217,False
2023-05-09,SKU-004,232,False
2023-05-10,SKU-004,218,False
2023-05-11,SKU-004,230,False
2023-05-12,SKU-004,195,False
2023-05-13,SKU-004,202,False
2023-05-14,SKU-004,208,False
2023-05-15,SKU-004,224,False
2023-05-16,SKU-004,232,False
2023-05-17,SKU-004,236,False
2023-05-18,SKU-004,226,False
2023-05-19,SKU-004,202,False
2023-05-20,SKU-004,188,False
2023-05-21,SKU-004,213,False
2023-05-22,SKU-004,227,False
2023-05-23,SKU-004,224,False
2023-05-24,SKU-004,45,True
2023-05-25,SKU-004,209,False
2023-05-26,SKU-004,206,False
2023-05-27,SKU-004,190,False
2023-05-28,SKU-004,208,False
2023-05-29,SKU-004,211,False
2023-05-30,SKU-004,214,False
2023-05-31,SKU-004,224,False
2023-06-01,SKU-004,224,False
2023-06-02,SKU-004,210,False
2023-06-03,SKU-004,193,False
2023-06-04,SKU-004,203,False
2023-06-05,SKU-004,210,False
2023-06-06,SKU-004,206,False
2023-06-07,SKU-004,219,False
2023-06-08,SKU-004,200,False
2023-06-09,SKU-004,205,False
2023-06-10,SKU-004,185,False
2023-06-11,SKU-004,195,False
2023-06-12,SKU-004,191,False
2023-06-13,SKU-004,217,False
2023-06-14,SKU-004,217,False
2023-06-15,SKU-004,213,False
2023-06-16,SKU-004,194,False
2023-06-17,SKU-004,188,False
2023-06-18,SKU-004,199,False
2023-06-19,SKU-004,209,False
2023-06-20,SKU-004,228,False
2023-06-21,SKU-004,233,False
2023-06-22,SKU-004,226,False
2023-06-23,SKU-004,192,False
2023-06-24,SKU-004,185,False
2023-06-25,SKU-004,202,False
2023-06-26,SKU-004,208,False
2023-06-27,SKU-004,204,False
2023-06-28,SKU-004,204,False
2023-06-29,SKU-004,187,False
2023-06-30,SKU-004,192,False
2023-07-01,SKU-004,191,False
2023-07-02,SKU-004,177,False
2023-07-03,SKU-004,188,False
2023-07-04,SKU-004,182,False
2023-07-05,SKU-004,212,False
2023-07-06,SKU-004,207,False
2023-07-07,SKU-004,187,False
2023-07-08,SKU-004,171,False
2023-07-09,SKU-004,177,False
2023-07-10,SKU-004,187,False
2023-07-11,SKU-004,206,False
2023-07-12,SKU-004,198,False
2023-07-13,SKU-004,185,False
2023-07-14,SKU-004,167,False
2023-07-15,SKU-004,168,False
2023-07-16,SKU-004,183,False
2023-07-17,SKU-004,180,False
2023-07-18,SKU-004,185,False
2023-07-19,SKU-004,191,False
2023-07-20,SKU-004,184,False
2023-07-21,SKU-004,173,False
2023-07-22,SKU-004,159,False
2023-07-23,SKU-004,155,False
2023-07-24,SKU-004,189,False
2023-07-25,SKU-004,186,False
2023-07-26,SKU-004,199,False
2023-07-27,SKU-004,183,False
2023-07-28,SKU-004,168,False
2023-07-29,SKU-004,172,False
2023-07-30,SKU-004,167,False
2023-07-31,SKU-004,190,False
2023-08-01,SKU-004,187,False
2023-08-02,SKU-004,185,False
2023-08-03,SKU-004,182,False
2023-08-04,SKU-004,166,False
2023-08-05,SKU-004,176,False
2023-08-06,SKU-004,160,False
2023-08-07,SKU-004,179,False
2023-08-08,SKU-004,187,False
2023-08-09,SKU-004,181,False
2023-08-10,SKU-004,175,False
2023-08-11,SKU-004,169,False
2023-08-12,SKU-004,161,False
2023-08-13,SKU-004,159,False
2023-08-14,SKU-004,35,True
2023-08-15,SKU-004,180,False
2023-08-16,SKU-004,184,False
2023-08-17,SKU-004,188,False
2023-08-18,SKU-004,186,False
2023-08-19,SKU-004,34,True
2023-08-20,SKU-004,145,False
2023-08-21,SKU-004,179,False
2023-08-22,SKU-004,184,False
2023-08-23,SKU-004,180,False
2023-08-24,SKU-004,177,False
2023-08-25,SKU-004,156,False
2023-08-26,SKU-004,151,False
2023-08-27,SKU-004,156,False
2023-08-28,SKU-004,156,False
2023-08-29,SKU-004,184,False
2023-08-30,SKU-004,189,False
2023-08-31,SKU-004,179,False
2023-09-01,SKU-004,167,False
2023-09-02,SKU-004,155,False
2023-09-03,SKU-004,165,False
2023-09-04,SKU-004,163,False
2023-09-05,SKU-004,179,False
2023-09-06,SKU-004,167,False
2023-09-07,SKU-004,169,False
2023-09-08,SKU-004,168,False
2023-09-09,SKU-004,157,False
2023-09-10,SKU-004,135,False
2023-09-11,SKU-004,182,False
2023-09-12,SKU-004,178,False
2023-09-13,SKU-004,181,False
2023-09-14,SKU-004,167,False
2023-09-15,SKU-004,155,False
2023-09-16,SKU-004,151,False
2023-09-17,SKU-004,158,False
2023-09-18,SKU-004,167,False
2023-09-19,SKU-004,172,False
2023-09-20,SKU-004,172,False
2023-09-21,SKU-004,163,False
2023-09-22,SKU-004,166,False
2023-09-23,SKU-004,157,False
2023-09-24,SKU-004,156,False
2023-09-25,SKU-004,172,False
2023-09-26,SKU-004,175,False
2023-09-27,SKU-004,185,False
2023-09-28,SKU-004,175,False
2023-09-29,SKU-004,164,False
2023-09-30,SKU-004,141,False
2023-10-01,SKU-004,132,False
2023-10-02,SKU-004,166,False
2023-10-03,SKU-004,160,False
2023-10-04,SKU-004,176,False
2023-10-05,SKU-004,152,False
2023-10-06,SKU-004,167,False
2023-10-07,SKU-004,157,False
2023-10-08,SKU-004,155,False
2023-10-09,SKU-004,157,False
2023-10-10,SKU-004,161,False
2023-10-11,SKU-004,161,False
2023-10-12,SKU-004,166,False
2023-10-13,SKU-004,163,False
2023-10-14,SKU-004,147,False
2023-10-15,SKU-004,157,False
2023-10-16,SKU-004,169,False
2023-10-17,SKU-004,182,False
2023-10-18,SKU-004,164,False
2023-10-19,SKU-004,165,False
2023-10-20,SKU-004,162,False
2023-10-21,SKU-004,163,False
2023-10-22,SKU-004,163,False
2023-10-23,SKU-004,168,False
2023-10-24,SKU-004,188,False
2023-10-25,SKU-004,183,False
2023-10-26,SKU-004,160,False
2023-10-27,SKU-004,165,False
2023-10-28,SKU-004,161,False
2023-10-29,SKU-004,170,False
2023-10-30,SKU-004,162,False
2023-10-31,SKU-004,170,False
2023-11-01,SKU-004,189,False
2023-11-02,SKU-004,178,False
2023-11-03,SKU-004,164,False
2023-11-04,SKU-004,164,False
2023-11-05,SKU-004,164,False
2023-11-06,SKU-004,173,False
2023-11-07,SKU-004,177,False
2023-11-08,SKU-004,190,False
2023-11-09,SKU-004,167,False
2023-11-10,SKU-004,166,False
2023-11-11,SKU-004,156,False
2023-11-12,SKU-004,146,False
2023-11-13,SKU-004,174,False
2023-11-14,SKU-004,179,False
2023-11-15,SKU-004,190,False
2023-11-16,SKU-004,171,False
2023-11-17,SKU-004,173,False
2023-11-18,SKU-004,172,False
2023-11-19,SKU-004,144,False
2023-11-20,SKU-004,164,False
2023-11-21,SKU-004,178,False
2023-11-22,SKU-004,178,False
2023-11-23,SKU-004,180,False
2023-11-24,SKU-004,172,False
2023-11-25,SKU-004,167,False
2023-11-26,SKU-004,166,False
2023-11-27,SKU-004,182,False
2023-11-28,SKU-004,188,False
2023-11-29,SKU-004,187,False
2023-11-30,SKU-004,177,False
2023-12-01,SKU-004,170,False
2023-12-02,SKU-004,157,False
2023-12-03,SKU-004,170,False
2023-12-04,SKU-004,172,False
2023-12-05,SKU-004,188,False
2023-12-06,SKU-004,204,False
2023-12-07,SKU-004,197,False
2023-12-08,SKU-004,184,False
2023-12-09,SKU-004,167,False
2023-12-10,SKU-004,166,False
2023-12-11,SKU-004,187,False
2023-12-12,SKU-004,188,False
2023-12-13,SKU-004,204,False
2023-12-14,SKU-004,186,False
2023-12-15,SKU-004,176,False
2023-12-16,SKU-004,177,False
2023-12-17,SKU-004,159,False
2023-12-18,SKU-004,181,False
2023-12-19,SKU-004,201,False
2023-12-20,SKU-004,206,False
2023-12-21,SKU-004,197,False
2023-12-22,SKU-004,180,False
2023-12-23,SKU-004,181,False
2023-12-24,SKU-004,170,False
2023-12-25,SKU-004,182,False
2023-12-26,SKU-004,205,False
2023-12-27,SKU-004,197,False
2023-12-28,SKU-004,211,False
2023-12-29,SKU-004,191,False
2023-12-30,SKU-004,173,False
2023-12-31,SKU-004,188,False
2024-01-01,SKU-004,183,False
2024-01-02,SKU-004,217,False
2024-01-03,SKU-004,209,False
2024-01-04,SKU-004,196,False
2024-01-05,SKU-004,186,False
2024-01-06,SKU-004,175,False
2024-01-07,SKU-004,183,False
2024-01-08,SKU-004,187,False
2024-01-09,SKU-004,223,False
2024-01-10,SKU-004,208,False
2024-01-11,SKU-004,211,False
2024-01-12,SKU-004,194,False
2024-01-13,SKU-004,177,False
2024-01-14,SKU-004,186,False
2024-01-15,SKU-004,210,False
2024-01-16,SKU-004,209,False
2024-01-17,SKU-004,207,False
2024-01-18,SKU-004,212,False
2024-01-19,SKU-004,178,False
2024-01-20,SKU-004,186,False
2024-01-21,SKU-004,202,False
2024-01-22,SKU-004,202,False
2024-01-23,SKU-004,223,False
2024-01-24,SKU-004,210,False
2024-01-25,SKU-004,209,False
2024-01-26,SKU-004,196,False
2024-01-27,SKU-004,195,False
2024-01-28,SKU-004,195,False
2024-01-29,SKU-004,190,False
2024-01-30,SKU-004,230,False
2024-01-31,SKU-004,44,True
2024-02-01,SKU-004,207,False
2024-02-02,SKU-004,218,False
2024-02-03,SKU-004,201,False
2024-02-04,SKU-004,204,False
2024-02-05,SKU-004,200,False
2024-02-06,SKU-004,218,False
2024-02-07,SKU-004,226,False
2024-02-08,SKU-004,212,False
2024-02-09,SKU-004,205,False
2024-02-10,SKU-004,193,False
2024-02-11,SKU-004,201,False
2024-02-12,SKU-004,228,False
2024-02-13,SKU-004,230,False
2024-02-14,SKU-004,45,True
2024-02-15,SKU-004,218,False
2024-02-16,SKU-004,228,False
2024-02-17,SKU-004,202,False
2024-02-18,SKU-004,201,False
2024-02-19,SKU-004,232,False
2024-02-20,SKU-004,231,False
2024-02-21,SKU-004,224,False
2024-02-22,SKU-004,220,False
2024-02-23,SKU-004,204,False
2024-02-24,SKU-004,207,False
2024-02-25,SKU-004,206,False
2024-02-26,SKU-004,220,False
2024-02-27,SKU-004,219,False
2024-02-28,SKU-004,240,False
2024-02-29,SKU-004,214,False
2024-03-01,SKU-004,217,False
2024-03-02,SKU-004,212,False
2024-03-03,SKU-004,219,False
2024-03-04,SKU-004,209,False
2024-03-05,SKU-004,224,False
2024-03-06,SKU-004,241,False
2024-03-07,SKU-004,235,False
2024-03-08,SKU-004,208,False
2024-03-09,SKU-004,192,False
2024-03-10,SKU-004,40,True
2024-03-11,SKU-004,210,False
2024-03-12,SKU-004,234,False
2024-03-13,SKU-004,234,False
2024-03-14,SKU-004,233,False
2024-03-15,SKU-004,216,False
2024-03-16,SKU-004,207,False
2024-03-17,SKU-004,200,False
2024-03-18,SKU-004,231,False
2024-03-19,SKU-004,242,False
2024-03-20,SKU-004,231,False
2024-03-21,SKU-004,233,False
2024-03-22,SKU-004,217,False
2024-03-23,SKU-004,196,False
2024-03-24,SKU-004,204,False
2024-03-25,SKU-004,209,False
2024-03-26,SKU-004,220,False
2024-03-27,SKU-004,47,True
2024-03-28,SKU-004,590,True
2024-03-29,SKU-004,219,False
2024-03-30,SKU-004,214,False
2024-03-31,SKU-004,214,False
2024-04-01,SKU-004,216,False
2024-04-02,SKU-004,238,False
2024-04-03,SKU-004,245,False
2024-04-04,SKU-004,229,False
2024-04-05,SKU-004,217,False
2024-04-06,SKU-004,201,False
2024-04-07,SKU-004,212,False
2024-04-08,SKU-004,214,False
2024-04-09,SKU-004,238,False
2024-04-10,SKU-004,239,False
2024-04-11,SKU-004,223,False
2024-04-12,SKU-004,551,True
2024-04-13,SKU-004,211,False
2024-04-14,SKU-004,206,False
2024-04-15,SKU-004,222,False
2024-04-16,SKU-004,225,False
2024-04-17,SKU-004,240,False
2024-04-18,SKU-004,216,False
2024-04-19,SKU-004,215,False
2024-04-20,SKU-004,213,False
2024-04-21,SKU-004,212,False
2024-04-22,SKU-004,212,False
2024-04-23,SKU-004,242,False
2024-04-24,SKU-004,234,False
2024-04-25,SKU-004,225,False
2024-04-26,SKU-004,217,False
2024-04-27,SKU-004,177,False
2024-04-28,SKU-004,200,False
2024-04-29,SKU-004,215,False
2024-04-30,SKU-004,238,False
2024-05-01,SKU-004,220,False
2024-05-02,SKU-004,227,False
2024-05-03,SKU-004,204,False
2024-05-04,SKU-004,199,False
2024-05-05,SKU-004,197,False
2024-05-06,SKU-004,211,False
2024-05-07,SKU-004,227,False
2024-05-08,SKU-004,228,False
2024-05-09,SKU-004,215,False
2024-05-10,SKU-004,191,False
2024-05-11,SKU-004,192,False
2024-05-12,SKU-004,195,False
2024-05-13,SKU-004,219,False
2024-05-14,SKU-004,217,False
2024-05-15,SKU-004,222,False
2024-05-16,SKU-004,228,False
2024-05-17,SKU-004,202,False
2024-05-18,SKU-004,200,False
2024-05-19,SKU-004,192,False
2024-05-20,SKU-004,220,False
2024-05-21,SKU-004,222,False
2024-05-22,SKU-004,214,False
2024-05-23,SKU-004,221,False
2024-05-24,SKU-004,201,False
2024-05-25,SKU-004,202,False
2024-05-26,SKU-004,207,False
2024-05-27,SKU-004,205,False
2024-05-28,SKU-004,550,True
2024-05-29,SKU-004,222,False
2024-05-30,SKU-004,214,False
2024-05-31,SKU-004,201,False
2024-06-01,SKU-004,183,False
2024-06-02,SKU-004,192,False
2024-06-03,SKU-004,206,False
2024-06-04,SKU-004,227,False
2024-06-05,SKU-004,226,False
2024-06-06,SKU-004,193,False
2024-06-07,SKU-004,215,False
2024-06-08,SKU-004,190,False
2024-06-09,SKU-004,186,False
2024-06-10,SKU-004,205,False
2024-06-11,SKU-004,204,False
2024-06-12,SKU-004,231,False
2024-06-13,SKU-004,206,False
2024-06-14,SKU-004,199,False
2024-06-15,SKU-004,184,False
2024-06-16,SKU-004,175,False
2024-06-17,SKU-004,196,False
2024-06-18,SKU-004,206,False
2024-06-19,SKU-004,196,False
2024-06-20,SKU-004,188,False
2024-06-21,SKU-004,195,False
2024-06-22,SKU-004,172,False
2024-06-23,SKU-004,183,False
2024-06-24,SKU-004,192,False
2024-06-25,SKU-004,202,False
2024-06-26,SKU-004,208,False
2024-06-27,SKU-004,207,False
2024-06-28,SKU-004,185,False
2024-06-29,SKU-004,183,False
2024-06-30,SKU-004,185,False
2024-07-01,SKU-004,193,False
2024-07-02,SKU-004,203,False
2024-07-03,SKU-004,190,False
2024-07-04,SKU-004,190,False
2024-07-05,SKU-004,191,False
2024-07-06,SKU-004,169,False
2024-07-07,SKU-004,174,False
2024-07-08,SKU-004,185,False
2024-07-09,SKU-004,193,False
2024-07-10,SKU-004,200,False
2024-07-11,SKU-004,190,False
2024-07-12,SKU-004,174,False
2024-07-13,SKU-004,161,False
2024-07-14,SKU-004,163,False
2024-07-15,SKU-004,188,False
2024-07-16,SKU-004,173,False
2024-07-17,SKU-004,196,False
2024-07-18,SKU-004,195,False
2024-07-19,SKU-004,175,False
2024-07-20,SKU-004,164,False
2024-07-21,SKU-004,161,False
2024-07-22,SKU-004,179,False
2024-07-23,SKU-004,199,False
2024-07-24,SKU-004,200,False
2024-07-25,SKU-004,184,False
2024-07-26,SKU-004,177,False
2024-07-27,SKU-004,160,False
2024-07-28,SKU-004,160,False
2024-07-29,SKU-004,192,False
2024-07-30,SKU-004,192,False
2024-07-31,SKU-004,200,False
2024-08-01,SKU-004,192,False
2024-08-02,SKU-004,169,False
2024-08-03,SKU-004,151,False
2024-08-04,SKU-004,145,False
2024-08-05,SKU-004,166,False
2024-08-06,SKU-004,185,False
2024-08-07,SKU-004,195,False
2024-08-08,SKU-004,168,False
2024-08-09,SKU-004,165,False
2024-08-10,SKU-004,155,False
2024-08-11,SKU-004,156,False
2024-08-12,SKU-004,170,False
2024-08-13,SKU-004,195,False
2024-08-14,SKU-004,183,False
2024-08-15,SKU-004,177,False
2024-08-16,SKU-004,151,False
2024-08-17,SKU-004,162,False
2024-08-18,SKU-004,164,False
2024-08-19,SKU-004,154,False
2024-08-20,SKU-004,162,False
2024-08-21,SKU-004,187,False
2024-08-22,SKU-004,176,False
2024-08-23,SKU-004,148,False
2024-08-24,SKU-004,145,False
2024-08-25,SKU-004,152,False
2024-08-26,SKU-004,157,False
2024-08-27,SKU-004,171,False
2024-08-28,SKU-004,181,False
2024-08-29,SKU-004,174,False
2024-08-30,SKU-004,161,False
2024-08-31,SKU-004,140,False
2024-09-01,SKU-004,159,False
2024-09-02,SKU-004,161,False
2024-09-03,SKU-004,186,False
2024-09-04,SKU-004,175,False
2024-09-05,SKU-004,173,False
2024-09-06,SKU-004,156,False
2024-09-07,SKU-004,154,False
2024-09-08,SKU-004,154,False
2024-09-09,SKU-004,171,False
2024-09-10,SKU-004,175,False
2024-09-11,SKU-004,182,False
2024-09-12,SKU-004,170,False
2024-09-13,SKU-004,170,False
2024-09-14,SKU-004,154,False
2024-09-15,SKU-004,160,False
2024-09-16,SKU-004,162,False
2024-09-17,SKU-004,172,False
2024-09-18,SKU-004,190,False
2024-09-19,SKU-004,159,False
2024-09-20,SKU-004,152,False
2024-09-21,SKU-004,136,False
2024-09-22,SKU-004,154,False
2024-09-23,SKU-004,159,False
2024-09-24,SKU-004,174,False
2024-09-25,SKU-004,185,False
2024-09-26,SKU-004,162,False
2024-09-27,SKU-004,153,False
2024-09-28,SKU-004,138,False
2024-09-29,SKU-004,153,False
2024-09-30,SKU-004,156,False
2024-10-01,SKU-004,165,False
2024-10-02,SKU-004,181,False
2024-10-03,SKU-004,171,False
2024-10-04,SKU-004,150,False
2024-10-05,SKU-004,138,False
2024-10-06,SKU-004,142,False
2024-10-07,SKU-004,171,False
2024-10-08,SKU-004,176,False
2024-10-09,SKU-004,168,False
2024-10-10,SKU-004,168,False
2024-10-11,SKU-004,148,False
2024-10-12,SKU-004,153,False
2024-10-13,SKU-004,156,False
2024-10-14,SKU-004,157,False
2024-10-15,SKU-004,169,False
2024-10-16,SKU-004,161,False
2024-10-17,SKU-004,162,False
2024-10-18,SKU-004,174,False
2024-10-19,SKU-004,146,False
2024-10-20,SKU-004,155,False
2024-10-21,SKU-004,152,False
2024-10-22,SKU-004,188,False
2024-10-23,SKU-004,175,False
2024-10-24,SKU-004,161,False
2024-10-25,SKU-004,161,False
2024-10-26,SKU-004,164,False
2024-10-27,SKU-004,156,False
2024-10-28,SKU-004,175,False
2024-10-29,SKU-004,176,False
2024-10-30,SKU-004,168,False
2024-10-31,SKU-004,156,False
2024-11-01,SKU-004,156,False
2024-11-02,SKU-004,135,False
2024-11-03,SKU-004,150,False
2024-11-04,SKU-004,163,False
2024-11-05,SKU-004,168,False
2024-11-06,SKU-004,163,False
2024-11-07,SKU-004,172,False
2024-11-08,SKU-004,150,False
2024-11-09,SKU-004,152,False
2024-11-10,SKU-004,152,False
2024-11-11,SKU-004,159,False
2024-11-12,SKU-004,168,False
2024-11-13,SKU-004,192,False
2024-11-14,SKU-004,180,False
2024-11-15,SKU-004,167,False
2024-11-16,SKU-004,165,False
2024-11-17,SKU-004,162,False
2024-11-18,SKU-004,171,False
2024-11-19,SKU-004,179,False
2024-11-20,SKU-004,179,False
2024-11-21,SKU-004,174,False
2024-11-22,SKU-004,158,False
2024-11-23,SKU-004,156,False
2024-11-24,SKU-004,168,False
2024-11-25,SKU-004,174,False
2024-11-26,SKU-004,184,False
2024-11-27,SKU-004,190,False
2024-11-28,SKU-004,180,False
2024-11-29,SKU-004,173,False
2024-11-30,SKU-004,152,False
2024-12-01,SKU-004,147,False
2024-12-02,SKU-004,173,False
2024-12-03,SKU-004,38,True
2024-12-04,SKU-004,176,False
2024-12-05,SKU-004,176,False
2024-12-06,SKU-004,161,False
2024-12-07,SKU-004,159,False
2024-12-08,SKU-004,158,False
2024-12-09,SKU-004,167,False
2024-12-10,SKU-004,35,True
2024-12-11,SKU-004,197,False
2024-12-12,SKU-004,177,False
2024-12-13,SKU-004,172,False
2024-12-14,SKU-004,161,False
2024-12-15,SKU-004,174,False
2024-12-16,SKU-004,183,False
2024-12-17,SKU-004,178,False
2024-12-18,SKU-004,191,False
2024-12-19,SKU-004,183,False
2024-12-20,SKU-004,166,False
2024-12-21,SKU-004,166,False
2024-12-22,SKU-004,191,False
2024-12-23,SKU-004,184,False
2024-12-24,SKU-004,204,False
2024-12-25,SKU-004,201,False
2024-12-26,SKU-004,181,False
2024-12-27,SKU-004,175,False
2024-12-28,SKU-004,177,False
2024-12-29,SKU-004,177,False
2024-12-30,SKU-004,185,False
2023-01-01,SKU-005,158,False
2023-01-02,SKU-005,167,False
2023-01-03,SKU-005,193,False
2023-01-04,SKU-005,197,False
2023-01-05,SKU-005,181,False
2023-01-06,SKU-005,166,False
2023-01-07,SKU-005,165,False
2023-01-08,SKU-005,177,False
2023-01-09,SKU-005,178,False
2023-01-10,SKU-005,185,False
2023-01-11,SKU-005,208,False
2023-01-12,SKU-005,180,False
2023-01-13,SKU-005,170,False
2023-01-14,SKU-005,169,False
2023-01-15,SKU-005,163,False
2023-01-16,SKU-005,187,False
2023-01-17,SKU-005,192,False
2023-01-18,SKU-005,187,False
2023-01-19,SKU-005,195,False
2023-01-20,SKU-005,198,False
2023-01-21,SKU-005,174,False
2023-01-22,SKU-005,187,False
2023-01-23,SKU-005,196,False
2023-01-24,SKU-005,194,False
2023-01-25,SKU-005,200,False
2023-01-26,SKU-005,199,False
2023-01-27,SKU-005,188,False
2023-01-28,SKU-005,176,False
2023-01-29,SKU-005,192,False
2023-01-30,SKU-005,199,False
2023-01-31,SKU-005,204,False
2023-02-01,SKU-005,209,False
2023-02-02,SKU-005,178,False
2023-02-03,SKU-005,190,False
2023-02-04,SKU-005,181,False
2023-02-05,SKU-005,175,False
2023-02-06,SKU-005,184,False
2023-02-07,SKU-005,196,False
2023-02-08,SKU-005,218,False
2023-02-09,SKU-005,187,False
2023-02-10,SKU-005,183,False
2023-02-11,SKU-005,168,False
2023-02-12,SKU-005,176,False
2023-02-13,SKU-005,188,False
2023-02-14,SKU-005,184,False
2023-02-15,SKU-005,210,False
2023-02-16,SKU-005,194,False
2023-02-17,SKU-005,196,False
2023-02-18,SKU-005,193,False
2023-02-19,SKU-005,188,False
2023-02-20,SKU-005,492,True
2023-02-21,SKU-005,219,False
2023-02-22,SKU-005,205,False
2023-02-23,SKU-005,201,False
2023-02-24,SKU-005,194,False
2023-02-25,SKU-005,177,False
2023-02-26,SKU-005,175,False
2023-02-27,SKU-005,194,False
2023-02-28,SKU-005,221,False
2023-03-01,SKU-005,213,False
2023-03-02,SKU-005,199,False
2023-03-03,SKU-005,186,False
2023-03-04,SKU-005,194,False
2023-03-05,SKU-005,184,False
2023-03-06,SKU-005,205,False
2023-03-07,SKU-005,211,False
2023-03-08,SKU-005,219,False
2023-03-09,SKU-005,216,False
2023-03-10,SKU-005,204,False
2023-03-11,SKU-005,181,False
2023-03-12,SKU-005,190,False
2023-03-13,SKU-005,199,False
2023-03-14,SKU-005,224,False
2023-03-15,SKU-005,211,False
2023-03-16,SKU-005,213,False
2023-03-17,SKU-005,200,False
2023-03-18,SKU-005,182,False
2023-03-19,SKU-005,179,False
2023-03-20,SKU-005,199,False
2023-03-21,SKU-005,213,False
2023-03-22,SKU-005,217,False
2023-03-23,SKU-005,208,False
2023-03-24,SKU-005,203,False
2023-03-25,SKU-005,196,False
2023-03-26,SKU-005,201,False
2023-03-27,SKU-005,40,True
2023-03-28,SKU-005,217,False
2023-03-29,SKU-005,230,False
2023-03-30,SKU-005,212,False
2023-03-31,SKU-005,203,False
2023-04-01,SKU-005,183,False
2023-04-02,SKU-005,199,False
2023-04-03,SKU-005,211,False
2023-04-04,SKU-005,213,False
2023-04-05,SKU-005,218,False
2023-04-06,SKU-005,216,False
2023-04-07,SKU-005,188,False
2023-04-08,SKU-005,198,False
2023-04-09,SKU-005,200,False
2023-04-10,SKU-005,211,False
2023-04-11,SKU-005,212,False
2023-04-12,SKU-005,226,False
2023-04-13,SKU-005,209,False
2023-04-14,SKU-005,206,False
2023-04-15,SKU-005,182,False
2023-04-16,SKU-005,194,False
2023-04-17,SKU-005,193,False
2023-04-18,SKU-005,210,False
2023-04-19,SKU-005,212,False
2023-04-20,SKU-005,205,False
2023-04-21,SKU-005,190,False
2023-04-22,SKU-005,185,False
2023-04-23,SKU-005,184,False
2023-04-24,SKU-005,212,False
2023-04-25,SKU-005,203,False
2023-04-26,SKU-005,216,False
2023-04-27,SKU-005,209,False
2023-04-28,SKU-005,38,True
2023-04-29,SKU-005,182,False
2023-04-30,SKU-005,180,False
2023-05-01,SKU-005,208,False
2023-05-02,SKU-005,212,False
2023-05-03,SKU-005,223,False
2023-05-04,SKU-005,41,True
2023-05-05,SKU-005,180,False
2023-05-06,SKU-005,207,False
2023-05-07,SKU-005,198,False
2023-05-08,SKU-005,204,False
2023-05-09,SKU-005,217,False
2023-05-10,SKU-005,208,False
2023-05-11,SKU-005,206,False
2023-05-12,SKU-005,196,False
2023-05-13,SKU-005,186,False
2023-05-14,SKU-005,202,False
2023-05-15,SKU-005,195,False
2023-05-16,SKU-005,210,False
2023-05-17,SKU-005,227,False
2023-05-18,SKU-005,207,False
2023-05-19,SKU-005,194,False
2023-05-20,SKU-005,184,False
2023-05-21,SKU-005,178,False
2023-05-22,SKU-005,194,False
2023-05-23,SKU-005,199,False
2023-05-24,SKU-005,217,False
2023-05-25,SKU-005,205,False
2023-05-26,SKU-005,183,False
2023-05-27,SKU-005,180,False
2023-05-28,SKU-005,179,False
2023-05-29,SKU-005,194,False
2023-05-30,SKU-005,209,False
2023-05-31,SKU-005,207,False
2023-06-01,SKU-005,178,False
2023-06-02,SKU-005,197,False
2023-06-03,SKU-005,169,False
2023-06-04,SKU-005,170,False
2023-06-05,SKU-005,187,False
2023-06-06,SKU-005,207,False
2023-06-07,SKU-005,205,False
2023-06-08,SKU-005,181,False
2023-06-09,SKU-005,170,False
2023-06-10,SKU-005,186,False
2023-06-11,SKU-005,174,False
2023-06-12,SKU-005,193,False
2023-06-13,SKU-005,196,False
2023-06-14,SKU-005,207,False
2023-06-15,SKU-005,187,False
2023-06-16,SKU-005,170,False
2023-06-17,SKU-005,172,False
2023-06-18,SKU-005,185,False
2023-06-19,SKU-005,179,False
2023-06-20,SKU-005,184,False
2023-06-21,SKU-005,208,False
2023-06-22,SKU-005,174,False
2023-06-23,SKU-005,164,False
2023-06-24,SKU-005,155,False
2023-06-25,SKU-005,173,False
2023-06-26,SKU-005,191,False
2023-06-27,SKU-005,196,False
2023-06-28,SKU-005,190,False
2023-06-29,SKU-005,186,False
2023-06-30,SKU-005,173,False
2023-07-01,SKU-005,167,False
2023-07-02,SKU-005,423,True
2023-07-03,SKU-005,186,False
2023-07-04,SKU-005,191,False
2023-07-05,SKU-005,175,False
2023-07-06,SKU-005,175,False
2023-07-07,SKU-005,172,False
2023-07-08,SKU-005,166,False
2023-07-09,SKU-005,165,False
2023-07-10,SKU-005,183,False
2023-07-11,SKU-005,176,False
2023-07-12,SKU-005,193,False
2023-07-13,SKU-005,176,False
2023-07-14,SKU-005,148,False
2023-07-15,SKU-005,129,False
2023-07-16,SKU-005,159,False
2023-07-17,SKU-005,166,False
2023-07-18,SKU-005,195,False
2023-07-19,SKU-005,183,False
2023-07-20,SKU-005,169,False
2023-07-21,SKU-005,160,False
2023-07-22,SKU-005,147,False
2023-07-23,SKU-005,144,False
2023-07-24,SKU-005,164,False
2023-07-25,SKU-005,169,False
2023-07-26,SKU-005,185,False
2023-07-27,SKU-005,186,False
2023-07-28,SKU-005,153,False
2023-07-29,SKU-005,159,False
2023-07-30,SKU-005,138,False
2023-07-31,SKU-005,169,False
2023-08-01,SKU-005,174,False
2023-08-02,SKU-005,179,False
2023-08-03,SKU-005,175,False
2023-08-04,SKU-005,155,False
2023-08-05,SKU-005,133,False
2023-08-06,SKU-005,152,False
2023-08-07,SKU-005,162,False
2023-08-08,SKU-005,167,False
2023-08-09,SKU-005,170,False
2023-08-10,SKU-005,169,False
2023-08-11,SKU-005,151,False
2023-08-12,SKU-005,138,False
2023-08-13,SKU-005,145,False
2023-08-14,SKU-005,147,False
2023-08-15,SKU-005,160,False
2023-08-16,SKU-005,169,False
2023-08-17,SKU-005,160,False
2023-08-18,SKU-005,149,False
2023-08-19,SKU-005,138,False
2023-08-20,SKU-005,131,False
2023-08-21,SKU-005,165,False
2023-08-22,SKU-005,173,False
2023-08-23,SKU-005,170,False
2023-08-24,SKU-005,155,False
2023-08-25,SKU-005,153,False
2023-08-26,SKU-005,143,False
2023-08-27,SKU-005,150,False
2023-08-28,SKU-005,155,False
2023-08-29,SKU-005,160,False
2023-08-30,SKU-005,169,False
2023-08-31,SKU-005,141,False
2023-09-01,SKU-005,140,False
2023-09-02,SKU-005,149,False
2023-09-03,SKU-005,128,False
2023-09-04,SKU-005,135,False
2023-09-05,SKU-005,158,False
2023-09-06,SKU-005,161,False
2023-09-07,SKU-005,162,False
2023-09-08,SKU-005,144,False
2023-09-09,SKU-005,133,False
2023-09-10,SKU-005,123,False
2023-09-11,SKU-005,148,False
2023-09-12,SKU-005,153,False
2023-09-13,SKU-005,168,False
2023-09-14,SKU-005,154,False
2023-09-15,SKU-005,121,False
2023-09-16,SKU-005,143,False
2023-09-17,SKU-005,107,False
2023-09-18,SKU-005,138,False
2023-09-19,SKU-005,159,False
2023-09-20,SKU-005,160,False
2023-09-21,SKU-005,157,False
2023-09-22,SKU-005,135,False
2023-09-23,SKU-005,126,False
2023-09-24,SKU-005,133,False
2023-09-25,SKU-005,158,False
2023-09-26,SKU-005,148,False
2023-09-27,SKU-005,161,False
2023-09-28,SKU-005,155,False
2023-09-29,SKU-005,141,False
2023-09-30,SKU-005,127,False
2023-10-01,SKU-005,131,False
2023-10-02,SKU-005,145,False
2023-10-03,SKU-005,158,False
2023-10-04,SKU-005,145,False
2023-10-05,SKU-005,157,False
2023-10-06,SKU-005,143,False
2023-10-07,SKU-005,138,False
2023-10-08,SKU-005,120,False
2023-10-09,SKU-005,149,False
2023-10-10,SKU-005,157,False
2023-10-11,SKU-005,162,False
2023-10-12,SKU-005,151,False
2023-10-13,SKU-005,143,False
2023-10-14,SKU-005,127,False
2023-10-15,SKU-005,136,False
2023-10-16,SKU-005,134,False
2023-10-17,SKU-005,156,False
2023-10-18,SKU-005,160,False
2023-10-19,SKU-005,135,False
2023-10-20,SKU-005,142,False
2023-10-21,SKU-005,136,False
2023-10-22,SKU-005,133,False
2023-10-23,SKU-005,154,False
2023-10-24,SKU-005,171,False
2023-10-25,SKU-005,179,False
2023-10-26,SKU-005,146,False
2023-10-27,SKU-005,147,False
2023-10-28,SKU-005,136,False
2023-10-29,SKU-005,138,False
2023-10-30,SKU-005,140,False
2023-10-31,SKU-005,162,False
2023-11-01,SKU-005,147,False
2023-11-02,SKU-005,156,False
2023-11-03,SKU-005,131,False
2023-11-04,SKU-005,133,False
2023-11-05,SKU-005,148,False
2023-11-06,SKU-005,147,False
2023-11-07,SKU-005,149,False
2023-11-08,SKU-005,169,False
2023-11-09,SKU-005,154,False
2023-11-10,SKU-005,163,False
2023-11-11,SKU-005,126,False
2023-11-12,SKU-005,165,False
2023-11-13,SKU-005,150,False
2023-11-14,SKU-005,161,False
2023-11-15,SKU-005,158,False
2023-11-16,SKU-005,165,False
2023-11-17,SKU-005,132,False
2023-11-18,SKU-005,144,False
2023-11-19,SKU-005,152,False
2023-11-20,SKU-005,147,False
2023-11-21,SKU-005,182,False
2023-11-22,SKU-005,166,False
2023-11-23,SKU-005,162,False
2023-11-24,SKU-005,138,False
2023-11-25,SKU-005,143,False
2023-11-26,SKU-005,151,False
2023-11-27,SKU-005,150,False
2023-11-28,SKU-005,173,False
2023-11-29,SKU-005,178,False
2023-11-30,SKU-005,173,False
2023-12-01,SKU-005,155,False
2023-12-02,SKU-005,157,False
2023-12-03,SKU-005,141,False
2023-12-04,SKU-005,166,False
2023-12-05,SKU-005,169,False
2023-12-06,SKU-005,181,False
2023-12-07,SKU-005,171,False
2023-12-08,SKU-005,152,False
2023-12-09,SKU-005,150,False
2023-12-10,SKU-005,147,False
2023-12-11,SKU-005,181,False
2023-12-12,SKU-005,183,False
2023-12-13,SKU-005,197,False
2023-12-14,SKU-005,167,False
2023-12-15,SKU-005,148,False
2023-12-16,SKU-005,157,False
2023-12-17,SKU-005,160,False
2023-12-18,SKU-005,175,False
2023-12-19,SKU-005,188,False
2023-12-20,SKU-005,200,False
2023-12-21,SKU-005,183,False
2023-12-22,SKU-005,157,False
2023-12-23,SKU-005,146,False
2023-12-24,SKU-005,176,False
2023-12-25,SKU-005,173,False
2023-12-26,SKU-005,196,False
2023-12-27,SKU-005,182,False
2023-12-28,SKU-005,187,False
2023-12-29,SKU-005,162,False
2023-12-30,SKU-005,142,False
2023-12-31,SKU-005,174,False
2024-01-01,SKU-005,167,False
2024-01-02,SKU-005,178,False
2024-01-03,SKU-005,191,False
2024-01-04,SKU-005,184,False
2024-01-05,SKU-005,175,False
2024-01-06,SKU-005,168,False
2024-01-07,SKU-005,161,False
2024-01-08,SKU-005,170,False
2024-01-09,SKU-005,203,False
2024-01-10,SKU-005,203,False
2024-01-11,SKU-005,179,False
2024-01-12,SKU-005,163,False
2024-01-13,SKU-005,165,False
2024-01-14,SKU-005,161,False
2024-01-15,SKU-005,181,False
2024-01-16,SKU-005,202,False
2024-01-17,SKU-005,198,False
2024-01-18,SKU-005,201,False
2024-01-19,SKU-005,177,False
2024-01-20,SKU-005,181,False
2024-01-21,SKU-005,171,False
2024-01-22,SKU-005,168,False
2024-01-23,SKU-005,203,False
2024-01-24,SKU-005,188,False
2024-01-25,SKU-005,190,False
2024-01-26,SKU-005,163,False
2024-01-27,SKU-005,175,False
2024-01-28,SKU-005,180,False
2024-01-29,SKU-005,195,False
2024-01-30,SKU-005,190,False
2024-01-31,SKU-005,198,False
2024-02-01,SKU-005,196,False
2024-02-02,SKU-005,190,False
2024-02-03,SKU-005,180,False
2024-02-04,SKU-005,174,False
2024-02-05,SKU-005,202,False
2024-02-06,SKU-005,194,False
2024-02-07,SKU-005,212,False
2024-02-08,SKU-005,195,False
2024-02-09,SKU-005,195,False
2024-02-10,SKU-005,176,False
2024-02-11,SKU-005,208,False
2024-02-12,SKU-005,199,False
2024-02-13,SKU-005,220,False
2024-02-14,SKU-005,227,False
2024-02-15,SKU-005,202,False
2024-02-16,SKU-005,191,False
2024-02-17,SKU-005,194,False
2024-02-18,SKU-005,188,False
2024-02-19,SKU-005,191,False
2024-02-20,SKU-005,198,False
2024-02-21,SKU-005,216,False
2024-02-22,SKU-005,202,False
2024-02-23,SKU-005,200,False
2024-02-24,SKU-005,183,False
2024-02-25,SKU-005,204,False
2024-02-26,SKU-005,194,False
2024-02-27,SKU-005,203,False
2024-02-28,SKU-005,215,False
2024-02-29,SKU-005,214,False
2024-03-01,SKU-005,203,False
2024-03-02,SKU-005,189,False
2024-03-03,SKU-005,206,False
2024-03-04,SKU-005,203,False
2024-03-05,SKU-005,213,False
2024-03-06,SKU-005,221,False
2024-03-07,SKU-005,201,False
2024-03-08,SKU-005,206,False
2024-03-09,SKU-005,500,True
2024-03-10,SKU-005,193,False
2024-03-11,SKU-005,220,False
2024-03-12,SKU-005,220,False
2024-03-13,SKU-005,230,False
2024-03-14,SKU-005,209,False
2024-03-15,SKU-005,209,False
2024-03-16,SKU-005,184,False
2024-03-17,SKU-005,190,False
2024-03-18,SKU-005,210,False
2024-03-19,SKU-005,223,False
2024-03-20,SKU-005,209,False
2024-03-21,SKU-005,220,False
2024-03-22,SKU-005,196,False
2024-03-23,SKU-005,192,False
2024-03-24,SKU-005,200,False
2024-03-25,SKU-005,199,False
2024-03-26,SKU-005,229,False
2024-03-27,SKU-005,213,False
2024-03-28,SKU-005,206,False
2024-03-29,SKU-005,199,False
2024-03-30,SKU-005,201,False
2024-03-31,SKU-005,196,False
2024-04-01,SKU-005,209,False
2024-04-02,SKU-005,211,False
2024-04-03,SKU-005,221,False
2024-04-04,SKU-005,210,False
2024-04-05,SKU-005,194,False
2024-04-06,SKU-005,195,False
2024-04-07,SKU-005,197,False
2024-04-08,SKU-005,215,False
2024-04-09,SKU-005,218,False
2024-04-10,SKU-005,221,False
2024-04-11,SKU-005,217,False
2024-04-12,SKU-005,206,False
2024-04-13,SKU-005,201,False
2024-04-14,SKU-005,185,False
2024-04-15,SKU-005,204,False
2024-04-16,SKU-005,227,False
2024-04-17,SKU-005,221,False
2024-04-18,SKU-005,215,False
2024-04-19,SKU-005,191,False
2024-04-20,SKU-005,184,False
2024-04-21,SKU-005,206,False
2024-04-22,SKU-005,222,False
2024-04-23,SKU-005,211,False
2024-04-24,SKU-005,215,False
2024-04-25,SKU-005,224,False
2024-04-26,SKU-005,202,False
2024-04-27,SKU-005,182,False
2024-04-28,SKU-005,194,False
2024-04-29,SKU-005,202,False
2024-04-30,SKU-005,219,False
2024-05-01,SKU-005,219,False
2024-05-02,SKU-005,206,False
2024-05-03,SKU-005,194,False
2024-05-04,SKU-005,188,False
2024-05-05,SKU-005,177,False
2024-05-06,SKU-005,198,False
2024-05-07,SKU-005,217,False
2024-05-08,SKU-005,210,False
2024-05-09,SKU-005,207,False
2024-05-10,SKU-005,190,False
2024-05-11,SKU-005,192,False
2024-05-12,SKU-005,189,False
2024-05-13,SKU-005,197,False
2024-05-14,SKU-005,226,False
2024-05-15,SKU-005,213,False
2024-05-16,SKU-005,209,False
2024-05-17,SKU-005,198,False
2024-05-18,SKU-005,206,False
2024-05-19,SKU-005,190,False
2024-05-20,SKU-005,190,False
2024-05-21,SKU-005,41,True
2024-05-22,SKU-005,211,False
2024-05-23,SKU-005,207,False
2024-05-24,SKU-005,182,False
2024-05-25,SKU-005,187,False
2024-05-26,SKU-005,177,False
2024-05-27,SKU-005,194,False
2024-05-28,SKU-005,207,False
2024-05-29,SKU-005,221,False
2024-05-30,SKU-005,194,False
2024-05-31,SKU-005,180,False
2024-06-01,SKU-005,166,False
2024-06-02,SKU-005,195,False
2024-06-03,SKU-005,192,False
2024-06-04,SKU-005,211,False
2024-06-05,SKU-005,201,False
2024-06-06,SKU-005,193,False
2024-06-07,SKU-005,37,True
2024-06-08,SKU-005,168,False
2024-06-09,SKU-005,164,False
2024-06-10,SKU-005,181,False
2024-06-11,SKU-005,212,False
2024-06-12,SKU-005,207,False
2024-06-13,SKU-005,195,False
2024-06-14,SKU-005,183,False
2024-06-15,SKU-005,178,False
2024-06-16,SKU-005,172,False
2024-06-17,SKU-005,196,False
2024-06-18,SKU-005,196,False
2024-06-19,SKU-005,185,False
2024-06-20,SKU-005,204,False
2024-06-21,SKU-005,166,False
2024-06-22,SKU-005,177,False
2024-06-23,SKU-005,156,False
2024-06-24,SKU-005,183,False
2024-06-25,SKU-005,188,False
2024-06-26,SKU-005,199,False
2024-06-27,SKU-005,200,False
2024-06-28,SKU-005,171,False
2024-06-29,SKU-005,154,False
2024-06-30,SKU-005,168,False
2024-07-01,SKU-005,176,False
2024-07-02,SKU-005,180,False
2024-07-03,SKU-005,196,False
2024-07-04,SKU-005,163,False
2024-07-05,SKU-005,163,False
2024-07-06,SKU-005,164,False
2024-07-07,SKU-005,157,False
2024-07-08,SKU-005,164,False
2024-07-09,SKU-005,191,False
2024-07-10,SKU-005,189,False
2024-07-11,SKU-005,171,False
2024-07-12,SKU-005,164,False
2024-07-13,SKU-005,33,True
2024-07-14,SKU-005,148,False
2024-07-15,SKU-005,179,False
2024-07-16,SKU-005,34,True
2024-07-17,SKU-005,173,False
2024-07-18,SKU-005,169,False
2024-07-19,SKU-005,172,False
2024-07-20,SKU-005,153,False
2024-07-21,SKU-005,154,False
2024-07-22,SKU-005,180,False
2024-07-23,SKU-005,174,False
2024-07-24,SKU-005,179,False
2024-07-25,SKU-005,195,False
2024-07-26,SKU-005,159,False
2024-07-27,SKU-005,156,False
2024-07-28,SKU-005,150,False
2024-07-29,SKU-005,163,False
2024-07-30,SKU-005,164,False
2024-07-31,SKU-005,164,False
2024-08-01,SKU-005,175,False
2024-08-02,SKU-005,162,False
2024-08-03,SKU-005,138,False
2024-08-04,SKU-005,142,False
2024-08-05,SKU-005,166,False
2024-08-06,SKU-005,181,False
2024-08-07,SKU-005,183,False
2024-08-08,SKU-005,179,False
2024-08-09,SKU-005,170,False
2024-08-10,SKU-005,141,False
2024-08-11,SKU-005,138,False
2024-08-12,SKU-005,149,False
2024-08-13,SKU-005,163,False
2024-08-14,SKU-005,174,False
2024-08-15,SKU-005,163,False
2024-08-16,SKU-005,146,False
2024-08-17,SKU-005,143,False
2024-08-18,SKU-005,140,False
2024-08-19,SKU-005,161,False
2024-08-20,SKU-005,176,False
2024-08-21,SKU-005,172,False
2024-08-22,SKU-005,157,False
2024-08-23,SKU-005,152,False
2024-08-24,SKU-005,151,False
2024-08-25,SKU-005,147,False
2024-08-26,SKU-005,155,False
2024-08-27,SKU-005,157,False
2024-08-28,SKU-005,154,False
2024-08-29,SKU-005,163,False
2024-08-30,SKU-005,156,False
2024-08-31,SKU-005,136,False
2024-09-01,SKU-005,125,False
2024-09-02,SKU-005,160,False
2024-09-03,SKU-005,153,False
2024-09-04,SKU-005,168,False
2024-09-05,SKU-005,164,False
2024-09-06,SKU-005,133,False
2024-09-07,SKU-005,142,False
2024-09-08,SKU-005,132,False
2024-09-09,SKU-005,159,False
2024-09-10,SKU-005,160,False
2024-09-11,SKU-005,158,False
2024-09-12,SKU-005,159,False
2024-09-13,SKU-005,138,False
2024-09-14,SKU-005,132,False
2024-09-15,SKU-005,147,False
2024-09-16,SKU-005,157,False
2024-09-17,SKU-005,156,False
2024-09-18,SKU-005,159,False
2024-09-19,SKU-005,149,False
2024-09-20,SKU-005,156,False
2024-09-21,SKU-005,330,True
2024-09-22,SKU-005,148,False
2024-09-23,SKU-005,150,False
2024-09-24,SKU-005,157,False
2024-09-25,SKU-005,161,False
2024-09-26,SKU-005,161,False
2024-09-27,SKU-005,139,False
2024-09-28,SKU-005,127,False
2024-09-29,SKU-005,136,False
2024-09-30,SKU-005,148,False
2024-10-01,SKU-005,159,False
2024-10-02,SKU-005,160,False
2024-10-03,SKU-005,165,False
2024-10-04,SKU-005,165,False
2024-10-05,SKU-005,126,False
2024-10-06,SKU-005,121,False
2024-10-07,SKU-005,147,False
2024-10-08,SKU-005,145,False
2024-10-09,SKU-005,152,False
2024-10-10,SKU-005,152,False
2024-10-11,SKU-005,148,False
2024-10-12,SKU-005,133,False
2024-10-13,SKU-005,119,False
2024-10-14,SKU-005,148,False
2024-10-15,SKU-005,160,False
2024-10-16,SKU-005,163,False
2024-10-17,SKU-005,165,False
2024-10-18,SKU-005,151,False
2024-10-19,SKU-005,136,False
2024-10-20,SKU-005,155,False
2024-10-21,SKU-005,139,False
2024-10-22,SKU-005,159,False
2024-10-23,SKU-005,165,False
2024-10-24,SKU-005,158,False
2024-10-25,SKU-005,134,False
2024-10-26,SKU-005,122,False
2024-10-27,SKU-005,140,False
2024-10-28,SKU-005,140,False
2024-10-29,SKU-005,159,False
2024-10-30,SKU-005,168,False
2024-10-31,SKU-005,149,False
2024-11-01,SKU-005,150,False
2024-11-02,SKU-005,331,True
2024-11-03,SKU-005,148,False
2024-11-04,SKU-005,150,False
2024-11-05,SKU-005,180,False
2024-11-06,SKU-005,185,False
2024-11-07,SKU-005,159,False
2024-11-08,SKU-005,143,False
2024-11-09,SKU-005,149,False
2024-11-10,SKU-005,143,False
2024-11-11,SKU-005,157,False
2024-11-12,SKU-005,164,False
2024-11-13,SKU-005,180,False
2024-11-14,SKU-005,159,False
2024-11-15,SKU-005,143,False
2024-11-16,SKU-005,149,False
2024-11-17,SKU-005,147,False
2024-11-18,SKU-005,174,False
2024-11-19,SKU-005,177,False
2024-11-20,SKU-005,189,False
2024-11-21,SKU-005,169,False
2024-11-22,SKU-005,155,False
2024-11-23,SKU-005,146,False
2024-11-24,SKU-005,151,False
2024-11-25,SKU-005,153,False
2024-11-26,SKU-005,179,False
2024-11-27,SKU-005,175,False
2024-11-28,SKU-005,168,False
2024-11-29,SKU-005,152,False
2024-11-30,SKU-005,140,False
2024-12-01,SKU-005,148,False
2024-12-02,SKU-005,157,False
2024-12-03,SKU-005,181,False
2024-12-04,SKU-005,175,False
2024-12-05,SKU-005,183,False
2024-12-06,SKU-005,155,False
2024-12-07,SKU-005,419,True
2024-12-08,SKU-005,162,False
2024-12-09,SKU-005,181,False
2024-12-10,SKU-005,172,False
2024-12-11,SKU-005,183,False
2024-12-12,SKU-005,174,False
2024-12-13,SKU-005,148,False
2024-12-14,SKU-005,164,False
2024-12-15,SKU-005,151,False
2024-12-16,SKU-005,164,False
2024-12-17,SKU-005,182,False
2024-12-18,SKU-005,194,False
2024-12-19,SKU-005,182,False
2024-12-20,SKU-005,160,False
2024-12-21,SKU-005,171,False
2024-12-22,SKU-005,162,False
2024-12-23,SKU-005,190,False
2024-12-24,SKU-005,191,False
2024-12-25,SKU-005,195,False
2024-12-26,SKU-005,178,False
2024-12-27,SKU-005,157,False
2024-12-28,SKU-005,156,False
2024-12-29,SKU-005,173,False
2024-12-30,SKU-005,181,False
